TEAM,CONFERENCE,RECORD,PCT,HOME,AWAY,STRK,GP,PTS,FGM,FGA,FG%,3PM,3PA,3P%,FTM,FTA,FT%,OR,DR,REB,AST,STL,BLK,TO,PF,PTS-ALLOWED
Liberty Flames,ASUN Conference,20-6,0.769,14-1,4-4,W1,26,74.4,26.7,56.0,47.6,10.9,28.9,37.6,10.2,13.8,73.6,7.9,25.7,33.6,17.2,6.3,2.1,10.4,14.9,58.5
Kennesaw State Owls,ASUN Conference,19-7,0.731,10-0,8-6,W1,26,75.2,26.3,57.7,45.7,8.4,22.7,37.1,14.1,21.3,66.1,10.0,25.6,35.6,14.6,8.7,2.7,12.9,18.4,68.6
Eastern Kentucky Colonels,ASUN Conference,17-9,0.654,12-1,4-7,W4,26,78.7,29.2,66.3,44.1,9.2,26.0,35.2,11.2,16.9,66.1,13.3,26.2,39.5,15.8,8.4,4.7,12.2,16.4,72.5
Stetson Hatters,ASUN Conference,14-11,0.56,7-1,6-9,L1,24,75.7,27.4,59.4,46.1,10.4,26.5,39.3,10.5,14.0,74.9,10.3,23.6,33.9,14.4,5.4,3.4,10.7,15.6,71.7
Lipscomb Bisons,ASUN Conference,16-10,0.615,12-1,4-9,W3,26,75.1,28.2,59.2,47.6,7.8,22.5,34.6,11.0,14.9,73.7,9.0,27.5,36.5,13.7,5.3,2.9,12.6,14.0,68.7
North Alabama Lions,ASUN Conference,15-11,0.5770000000000001,8-2,6-9,W2,26,75.0,27.6,58.7,47.0,7.4,19.7,37.5,12.4,18.1,68.7,9.0,25.7,34.7,11.8,6.0,3.2,11.3,16.7,73.7
Bellarmine Knights,ASUN Conference,12-15,0.444,7-5,5-10,W1,26,65.8,23.8,52.2,45.7,8.3,23.5,35.6,9.8,13.2,74.3,6.4,22.8,29.2,14.4,5.6,1.3,11.4,15.8,65.6
Queens University Royals,ASUN Conference,16-11,0.593,8-4,6-7,L2,26,79.7,27.4,60.4,45.3,9.5,26.9,35.2,15.4,21.3,72.5,11.7,26.6,38.3,14.6,6.5,2.4,12.8,15.6,74.7
Florida Gulf Coast Eagles,ASUN Conference,16-11,0.593,7-3,6-8,W2,26,71.3,25.2,58.0,43.5,9.2,25.8,35.5,11.7,15.8,73.8,10.6,25.2,35.8,12.9,6.8,3.4,11.9,15.5,69.3
North Florida Ospreys,ASUN Conference,11-15,0.423,9-2,2-13,W1,25,74.2,26.1,58.9,44.3,9.6,28.5,33.8,12.4,17.5,71.0,9.2,25.1,34.3,12.9,4.7,4.0,12.3,14.2,77.3
Jacksonville Dolphins,ASUN Conference,12-13,0.48,7-4,5-9,L4,24,64.8,24.2,52.5,46.0,6.9,20.1,34.2,9.5,12.5,76.1,7.5,26.2,33.8,13.3,5.3,2.5,11.8,13.9,63.2
Central Arkansas Bears,ASUN Conference,9-18,0.33299999999999996,6-6,2-11,W1,26,74.8,26.9,64.8,41.6,9.0,26.8,33.6,12.0,16.0,75.0,11.2,25.3,36.4,12.3,6.4,3.2,13.1,16.6,82.4
Jacksonville State Gamecocks,ASUN Conference,10-16,0.385,8-4,1-11,L3,26,68.1,23.8,55.0,43.3,8.7,23.8,36.7,11.8,17.3,67.8,10.5,25.0,35.6,12.5,5.7,2.4,13.2,16.4,69.3
Austin Peay Governors,ASUN Conference,8-19,0.29600000000000004,6-7,1-11,L10,26,67.2,24.1,57.8,41.7,7.0,21.7,32.4,12.0,16.5,72.7,10.0,21.3,31.2,12.6,7.2,3.1,12.0,17.5,71.9
Vermont Catamounts,America East Conference,14-10,0.583,6-1,7-6,W6,24,70.4,25.7,56.1,45.7,8.3,24.2,34.1,10.8,15.7,69.1,7.0,24.8,31.8,13.3,6.0,2.5,9.9,15.4,67.3
Binghamton Bearcats,America East Conference,11-13,0.45799999999999996,7-5,4-8,W2,23,68.2,25.3,56.5,44.8,5.0,17.1,29.3,12.6,17.7,71.1,9.6,24.5,34.1,11.2,4.8,3.1,13.0,18.2,71.0
UMass Lowell River Hawks,America East Conference,20-6,0.769,13-0,7-6,W3,26,77.6,28.8,59.7,48.2,7.0,19.0,37.0,13.0,18.1,71.9,12.4,27.6,40.0,15.0,6.9,5.1,14.6,16.9,65.2
UMBC Retrievers,America East Conference,17-10,0.63,13-2,4-8,W2,26,75.3,27.6,60.4,45.7,8.6,24.3,35.3,11.5,15.5,73.8,9.5,25.1,34.5,14.8,5.6,2.4,10.4,14.0,72.7
Bryant Bulldogs,America East Conference,16-9,0.64,9-2,6-6,L1,24,82.0,28.7,61.2,46.9,8.7,24.3,35.7,16.0,21.0,76.2,10.5,29.0,39.5,14.3,7.3,3.5,13.6,17.1,73.0
New Hampshire Wildcats,America East Conference,11-12,0.478,7-4,4-8,L2,23,67.3,23.7,59.3,39.9,8.5,24.3,34.9,11.4,16.6,68.6,10.7,26.5,37.1,12.2,5.2,2.4,10.0,15.1,66.0
NJIT Highlanders,America East Conference,7-17,0.292,5-6,2-11,W1,23,66.7,24.4,57.5,42.5,6.6,19.5,33.9,11.3,17.4,64.7,9.0,25.6,34.7,12.3,5.5,3.0,11.6,16.0,72.2
Maine Black Bears,America East Conference,10-15,0.4,6-4,4-10,L2,24,69.9,26.6,57.2,46.5,7.2,20.2,35.7,9.4,12.6,74.6,7.5,23.4,30.9,14.5,9.5,2.0,12.2,15.1,69.3
Albany Great Danes,America East Conference,6-21,0.222,3-6,2-14,L9,26,66.3,23.2,56.8,40.7,7.4,22.9,32.4,12.6,17.8,70.6,10.7,22.5,33.2,11.8,5.8,1.7,13.3,18.7,75.3
Houston Cougars,American Athletic Conference,23-2,0.92,13-2,8-0,W5,25,75.6,28.4,60.0,47.2,8.0,22.1,36.1,10.9,15.5,70.5,12.9,26.0,39.0,14.9,8.0,5.0,9.6,15.8,55.0
Tulane Green Wave,American Athletic Conference,16-7,0.696,10-2,4-2,W4,23,82.2,28.4,60.5,46.9,7.6,22.8,33.4,17.8,22.3,79.9,6.6,26.8,33.4,15.9,9.2,3.9,11.2,16.0,75.7
Memphis Tigers,American Athletic Conference,18-6,0.75,10-1,5-4,W1,24,81.0,29.5,61.6,47.8,5.8,17.3,33.2,16.3,22.0,74.2,10.9,25.8,36.7,16.5,9.0,4.8,13.4,19.0,73.3
Temple Owls,American Athletic Conference,14-11,0.56,7-6,5-3,L2,25,69.3,23.2,55.1,42.0,7.8,24.2,32.2,15.2,19.8,76.6,10.0,25.9,35.9,13.5,5.0,4.2,14.1,17.2,68.8
Cincinnati Bearcats,American Athletic Conference,16-9,0.64,12-3,3-4,L1,25,77.2,28.6,64.1,44.5,9.2,25.9,35.7,10.8,15.7,69.1,11.2,26.2,37.4,15.9,6.4,4.2,10.7,15.7,68.7
UCF Knights,American Athletic Conference,14-9,0.609,9-4,3-4,W1,23,71.6,24.8,58.1,42.6,8.7,23.9,36.4,13.3,17.5,76.4,12.3,24.2,36.5,13.7,7.0,3.8,14.2,16.8,66.3
Wichita State Shockers,American Athletic Conference,12-12,0.5,6-8,5-3,L1,24,68.7,24.8,57.5,43.1,6.4,21.8,29.2,12.8,17.8,71.7,10.0,26.4,36.3,11.8,5.9,4.1,12.0,14.8,66.7
SMU Mustangs,American Athletic Conference,9-16,0.36,6-7,1-8,W1,25,69.4,24.9,59.7,41.8,6.5,20.6,31.6,13.0,19.4,67.4,10.0,25.4,35.4,13.4,6.7,3.6,12.9,17.4,74.1
South Florida Bulls,American Athletic Conference,10-14,0.41700000000000004,7-8,2-5,L1,24,72.7,26.6,59.6,44.7,7.3,21.6,33.9,12.1,18.5,65.2,12.2,24.9,37.1,13.8,6.6,2.8,13.7,18.0,71.9
East Carolina Pirates,American Athletic Conference,12-12,0.5,8-5,1-6,W1,24,69.5,23.5,57.5,40.8,7.8,24.6,31.7,14.8,21.2,69.7,12.3,24.7,37.0,13.4,6.5,2.6,13.1,18.0,70.1
Tulsa Golden Hurricane,American Athletic Conference,5-18,0.217,4-7,0-9,L5,23,67.7,25.1,59.5,42.2,7.9,25.1,31.3,9.7,14.8,65.3,9.0,23.4,32.4,12.1,5.5,1.7,13.2,16.1,77.0
VCU Rams,Atlantic 10 Conference,18-7,0.72,12-3,5-3,L1,25,70.0,24.1,53.0,45.5,6.0,17.9,33.3,15.8,22.5,70.3,9.2,23.4,32.7,12.4,9.3,4.2,14.3,16.0,63.2
Dayton Flyers,Atlantic 10 Conference,17-9,0.654,13-1,3-5,W2,26,69.1,24.5,52.3,46.9,6.5,19.3,33.8,13.5,19.4,69.4,9.2,27.3,36.5,15.0,4.9,4.7,12.9,13.9,61.2
Fordham Rams,Atlantic 10 Conference,20-5,0.8,15-2,5-3,W2,24,72.4,24.3,57.3,42.4,7.5,23.6,31.7,16.4,21.6,75.7,10.3,26.2,36.5,12.9,7.8,5.1,13.5,18.8,67.3
Saint Louis Billikens,Atlantic 10 Conference,16-9,0.64,11-3,4-5,L1,25,75.0,27.3,59.4,45.9,7.0,20.1,35.0,13.4,18.2,73.2,10.2,28.6,38.8,16.2,4.7,3.9,12.0,17.2,70.8
Duquesne Dukes,Atlantic 10 Conference,17-8,0.68,14-3,2-5,W3,24,75.0,27.5,62.6,43.9,9.0,24.3,37.2,11.0,16.0,68.8,12.8,24.0,36.8,15.5,8.0,4.1,11.8,18.4,69.6
Saint Joseph's Hawks,Atlantic 10 Conference,13-12,0.52,9-5,4-4,W2,24,72.3,25.3,59.2,42.7,8.9,26.5,33.5,12.9,19.4,66.5,10.9,24.5,35.4,12.4,6.7,3.1,13.0,18.0,71.7
St. Bonaventure Bonnies,Atlantic 10 Conference,13-13,0.5,10-3,2-8,L2,25,67.0,23.9,56.1,42.6,7.2,20.3,35.3,12.0,17.0,70.2,9.7,23.4,33.1,12.0,6.7,3.5,12.1,18.3,66.5
La Salle Explorers,Atlantic 10 Conference,12-13,0.48,7-5,5-5,W4,24,68.9,24.9,60.0,41.5,7.2,21.5,33.6,12.0,17.1,70.0,11.0,24.1,35.1,12.2,7.3,3.3,13.0,17.5,72.2
George Washington Colonials,Atlantic 10 Conference,12-13,0.48,10-4,2-6,L1,24,76.5,27.0,57.3,47.0,7.8,23.4,33.1,14.8,20.1,73.7,8.9,25.7,34.6,12.8,5.7,3.2,13.0,16.3,76.3
George Mason Patriots,Atlantic 10 Conference,14-12,0.5379999999999999,12-2,1-7,W1,25,69.6,24.8,54.4,45.6,7.8,21.4,36.3,12.3,19.1,64.4,9.4,26.9,36.4,14.3,4.6,3.4,14.2,16.9,68.3
Richmond Spiders,Atlantic 10 Conference,13-13,0.5,11-3,1-8,W1,25,69.7,23.9,54.6,43.8,8.4,24.5,34.2,13.5,18.2,74.1,7.1,26.1,33.2,12.3,5.7,2.4,11.7,15.0,68.1
Davidson Wildcats,Atlantic 10 Conference,11-13,0.45799999999999996,5-7,4-5,L1,23,70.6,25.0,56.0,44.7,6.7,20.5,32.9,13.7,18.7,73.7,8.2,24.5,32.7,13.3,5.6,1.5,11.5,15.7,69.1
Rhode Island Rams,Atlantic 10 Conference,8-16,0.33299999999999996,7-5,0-9,L3,23,67.0,23.0,57.1,40.2,5.3,17.6,30.4,15.7,21.4,73.4,12.1,26.0,38.1,11.7,6.1,4.0,14.4,17.9,70.0
UMass Minutemen,Atlantic 10 Conference,13-12,0.52,7-4,2-7,L4,24,71.6,25.5,60.5,42.1,6.3,18.3,34.4,14.3,20.4,70.1,12.8,25.1,37.9,14.5,6.8,3.8,13.9,17.9,72.0
Loyola Chicago Ramblers,Atlantic 10 Conference,8-16,0.33299999999999996,6-5,1-7,L2,23,67.6,24.6,52.4,46.9,7.3,21.1,34.6,11.1,16.2,68.8,7.7,23.7,31.3,13.8,5.3,3.0,15.7,19.9,72.6
Pittsburgh Panthers,Atlantic Coast Conference,18-7,0.72,11-3,7-2,W5,24,74.6,26.0,57.7,45.1,9.4,26.0,36.1,13.2,17.4,76.0,10.2,27.0,37.2,14.5,5.3,4.5,12.1,15.9,67.5
Virginia Cavaliers,Atlantic Coast Conference,19-4,0.826,12-1,5-3,W2,22,70.0,24.2,53.0,45.7,7.6,20.1,38.0,14.0,19.4,72.3,8.3,24.2,32.5,16.3,6.7,4.4,9.1,14.1,60.4
Miami Hurricanes,Atlantic Coast Conference,19-5,0.792,13-0,5-4,W3,24,78.4,28.6,59.5,48.1,7.7,21.2,36.1,13.5,17.6,76.8,10.6,24.3,34.9,15.1,7.7,3.6,11.5,14.6,69.8
Clemson Tigers,Atlantic Coast Conference,18-7,0.72,12-1,4-4,L3,24,73.8,25.7,55.7,46.1,8.0,21.9,36.4,14.4,18.0,80.3,7.1,27.8,34.9,14.3,5.4,3.2,11.6,17.7,67.1
NC State Wolfpack,Atlantic Coast Conference,20-6,0.769,13-1,4-4,W1,25,78.4,28.5,63.8,44.7,8.4,23.9,34.9,13.1,18.1,72.2,11.6,25.8,37.5,13.4,8.2,4.9,9.8,17.6,69.3
Duke Blue Devils,Atlantic Coast Conference,17-8,0.68,12-0,2-6,L2,24,71.9,25.8,59.1,43.7,6.7,20.7,32.4,13.5,17.8,76.3,13.3,26.3,39.6,14.6,5.7,4.9,12.5,15.3,64.1
North Carolina Tar Heels,Atlantic Coast Conference,16-9,0.64,11-1,2-6,W1,24,77.9,26.9,60.9,44.1,6.6,21.6,30.5,17.6,23.8,73.8,11.1,28.7,39.8,12.3,5.8,3.9,11.0,17.0,72.2
Wake Forest Demon Deacons,Atlantic Coast Conference,16-9,0.64,11-2,4-5,W2,25,78.0,26.9,57.9,46.4,9.2,24.8,36.9,15.0,20.1,74.8,8.3,26.5,34.8,12.9,6.2,2.6,11.6,16.3,73.2
Syracuse Orange,Atlantic Coast Conference,15-10,0.6,9-5,5-4,W2,25,74.6,27.6,58.8,47.0,6.2,17.3,35.8,13.1,17.8,73.9,10.2,25.2,35.4,14.9,7.6,5.4,11.7,13.8,70.3
Boston College Eagles,Atlantic Coast Conference,12-14,0.462,8-6,2-6,L1,25,66.5,24.8,57.2,43.4,5.4,17.7,30.7,11.4,15.9,71.9,9.5,23.5,33.0,12.5,6.6,3.7,12.0,15.7,69.7
Florida State Seminoles,Atlantic Coast Conference,8-18,0.308,5-9,3-5,L2,25,70.0,25.2,57.3,44.0,6.7,19.7,34.1,12.9,17.8,72.5,8.6,23.1,31.7,14.2,5.9,4.1,12.3,16.2,75.3
Virginia Tech Hokies,Atlantic Coast Conference,15-10,0.6,11-3,1-7,W1,24,74.0,27.5,58.4,47.1,8.0,22.7,35.2,11.0,14.9,73.5,8.5,25.9,34.3,15.3,5.2,3.5,10.2,15.6,68.1
Notre Dame Fighting Irish,Atlantic Coast Conference,10-15,0.4,10-7,0-6,L3,24,70.3,25.6,57.3,44.7,9.0,24.6,36.6,10.1,13.3,75.9,6.8,24.3,31.0,12.3,4.7,2.7,8.8,13.4,71.9
Georgia Tech Yellow Jackets,Atlantic Coast Conference,9-15,0.375,8-6,1-7,W1,24,67.2,25.3,61.2,41.3,6.9,22.1,31.3,9.7,14.2,68.5,10.9,24.6,35.5,13.3,5.9,4.3,11.4,16.3,71.0
Louisville Cardinals,Atlantic Coast Conference,3-21,0.125,3-11,0-7,L2,24,63.1,21.8,53.2,41.0,6.5,19.7,33.1,13.0,18.0,72.3,9.3,23.3,32.6,9.4,4.9,2.8,16.0,16.4,75.4
Texas Longhorns,Big 12 Conference,20-5,0.8,14-1,4-3,W1,24,79.4,29.0,60.5,48.0,7.0,21.1,33.0,14.4,19.2,75.0,10.1,24.8,34.9,16.1,7.9,4.0,12.3,18.1,68.5
Baylor Bears,Big 12 Conference,19-6,0.76,12-2,4-3,W3,24,79.0,26.4,59.0,44.8,9.2,25.9,35.6,17.0,22.7,74.9,12.5,23.7,36.2,15.2,7.1,2.6,12.0,17.5,69.2
Kansas Jayhawks,Big 12 Conference,20-5,0.8,12-1,5-3,W2,24,76.1,27.8,60.0,46.2,7.3,20.8,35.3,13.3,18.2,72.8,10.5,26.5,37.0,16.8,8.7,4.1,12.5,17.0,68.5
Iowa State Cyclones,Big 12 Conference,16-7,0.696,12-0,2-6,L1,23,70.7,26.8,58.0,46.3,6.7,19.3,35.0,10.3,15.5,66.9,11.3,22.3,33.5,15.1,9.3,3.0,12.9,19.3,61.7
Kansas State Wildcats,Big 12 Conference,19-5,0.792,13-1,3-4,W1,24,76.9,26.6,58.3,45.6,7.1,20.2,35.3,16.6,22.1,75.1,10.7,25.3,36.0,17.2,7.8,2.8,14.0,17.5,68.0
Oklahoma State Cowboys,Big 12 Conference,15-9,0.625,11-2,3-5,W4,24,69.4,24.9,56.6,44.0,6.9,21.5,32.2,12.7,18.0,70.5,10.8,26.3,37.0,13.1,6.1,5.3,14.2,17.1,63.7
TCU Horned Frogs,Big 12 Conference,17-8,0.68,11-3,3-5,L3,24,76.6,28.0,60.8,46.0,5.1,17.9,28.7,15.5,21.6,71.6,11.5,24.7,36.2,16.2,8.8,4.9,12.2,15.9,66.6
West Virginia Mountaineers,Big 12 Conference,15-10,0.6,11-3,2-6,L1,24,77.5,26.2,57.1,45.9,7.3,20.5,35.4,17.8,24.5,72.7,10.9,23.3,34.2,13.4,6.4,3.2,12.5,19.2,69.2
Oklahoma Sooners,Big 12 Conference,12-13,0.48,7-6,1-6,L4,24,68.0,25.2,53.3,47.3,6.7,19.0,35.3,11.0,15.2,72.3,6.9,25.5,32.4,13.3,5.4,3.2,13.1,16.0,67.0
Texas Tech Red Raiders,Big 12 Conference,12-12,0.5,9-4,1-6,L2,24,74.0,26.0,56.3,46.2,7.2,21.3,33.8,14.7,20.7,70.8,10.4,24.3,34.7,13.5,7.9,3.0,13.9,15.6,68.5
Marquette Golden Eagles,Big East Conference,20-6,0.769,13-1,6-4,W1,25,80.9,30.1,60.5,49.8,8.8,25.0,35.0,11.9,16.7,71.2,8.7,22.8,31.6,17.6,9.5,3.6,11.0,16.1,70.5
Xavier Musketeers,Big East Conference,19-6,0.76,13-1,5-3,L1,25,83.2,30.8,61.6,50.0,7.6,18.8,40.1,13.9,19.4,71.8,10.3,27.2,37.5,20.6,7.0,3.6,13.0,16.1,75.7
Creighton Bluejays,Big East Conference,17-8,0.68,12-1,3-4,W8,24,76.8,27.9,59.0,47.3,8.7,24.5,35.4,12.3,16.5,74.2,8.7,28.9,37.6,16.0,5.3,4.6,11.5,12.8,67.0
Providence Friars,Big East Conference,18-7,0.72,13-0,5-5,L1,24,78.4,27.7,59.2,46.8,6.3,18.3,34.6,16.7,22.5,74.1,12.3,27.3,39.6,14.9,6.9,4.8,12.5,15.2,68.6
Seton Hall Pirates,Big East Conference,15-10,0.6,9-4,5-4,L1,25,69.1,23.8,54.2,44.0,5.8,18.1,32.2,15.6,23.1,67.5,11.0,25.0,35.9,12.2,8.5,4.5,14.1,17.8,64.5
UConn Huskies,Big East Conference,19-7,0.731,12-2,4-5,L1,25,79.6,27.7,60.3,45.9,9.2,25.3,36.2,15.1,20.2,74.5,13.2,26.0,39.2,17.5,6.7,4.8,12.7,19.0,65.0
Villanova Wildcats,Big East Conference,11-13,0.45799999999999996,7-3,3-7,W1,24,70.2,23.8,54.0,44.0,8.8,26.3,33.3,13.9,16.8,82.6,7.3,24.4,31.7,11.2,5.5,1.5,10.7,16.1,68.4
St. John's Red Storm,Big East Conference,15-11,0.5770000000000001,11-4,1-7,W1,25,76.6,29.6,65.0,45.5,5.9,17.6,33.6,11.6,17.3,66.9,12.7,26.6,39.3,15.2,8.6,3.6,13.4,16.3,74.3
Butler Bulldogs,Big East Conference,13-13,0.5,10-4,2-7,W2,26,66.6,24.3,54.8,44.4,6.8,19.4,34.9,11.2,15.2,73.2,6.5,23.7,30.2,12.7,6.8,4.6,12.2,13.1,67.7
DePaul Blue Demons,Big East Conference,9-16,0.36,7-5,2-9,L6,25,71.1,25.0,59.0,42.3,8.3,23.5,35.4,12.8,17.0,75.1,9.3,23.1,32.4,13.5,6.4,4.0,12.7,18.6,76.1
Georgetown Hoyas,Big East Conference,6-20,0.231,5-10,0-9,L5,25,70.8,26.2,60.3,43.4,5.6,17.9,31.3,12.8,18.2,70.3,11.0,25.1,36.2,11.7,5.8,4.7,12.1,14.6,77.1
Eastern Washington Eagles,Big Sky Conference,18-7,0.72,9-0,7-5,W14,25,77.0,27.7,56.1,49.3,8.6,24.2,35.4,13.1,17.2,76.1,9.0,27.3,36.3,15.4,5.5,3.0,13.8,17.9,70.9
Montana State Bobcats,Big Sky Conference,17-9,0.654,9-1,8-5,L1,26,74.4,26.0,54.6,47.7,6.7,19.7,33.8,15.7,21.0,74.5,8.3,25.1,33.4,13.3,6.5,3.0,11.9,18.2,66.5
Weber State Wildcats,Big Sky Conference,13-12,0.52,7-2,5-8,W1,25,66.6,23.0,51.4,44.8,6.8,20.0,33.9,13.8,18.0,76.8,6.3,24.5,30.8,10.8,5.9,1.4,13.3,18.0,67.8
Montana Grizzlies,Big Sky Conference,13-12,0.52,7-4,4-8,W4,25,68.4,24.1,53.1,45.3,7.8,21.4,36.7,12.4,15.9,77.8,7.4,23.4,30.8,12.2,4.6,2.4,11.0,18.0,67.6
Idaho State Bengals,Big Sky Conference,9-16,0.36,5-6,4-9,L1,25,69.8,24.7,55.9,44.1,8.0,23.9,33.5,12.4,16.8,73.8,8.1,23.5,31.6,11.8,6.1,2.7,11.7,17.6,71.1
Sacramento State Hornets,Big Sky Conference,12-13,0.48,8-3,4-7,L4,25,66.9,24.6,55.4,44.4,7.1,20.2,35.1,10.6,15.5,68.7,11.5,24.7,36.2,13.7,4.6,2.9,13.4,14.9,68.2
Northern Colorado Bears,Big Sky Conference,9-16,0.36,4-6,3-10,W2,25,72.0,25.2,57.3,44.1,8.5,23.7,36.0,13.0,17.8,73.2,8.0,24.8,32.8,11.8,5.1,1.5,12.3,18.6,77.3
Portland State Vikings,Big Sky Conference,10-16,0.385,5-5,4-9,L3,25,76.3,26.7,60.5,44.2,7.7,22.9,33.7,15.1,20.6,73.4,10.0,22.2,32.2,13.7,7.5,3.0,12.2,22.4,74.7
Northern Arizona Lumberjacks,Big Sky Conference,8-19,0.29600000000000004,7-6,1-12,W2,26,71.7,25.7,60.3,42.6,8.3,23.0,36.3,12.0,16.3,73.5,10.2,24.8,35.0,14.3,5.2,1.6,11.2,18.6,73.9
Idaho Vandals,Big Sky Conference,9-16,0.36,5-7,4-9,W1,25,75.9,26.9,55.2,48.7,7.4,20.8,35.5,14.8,19.6,75.5,7.0,23.8,30.8,12.6,5.1,1.8,11.6,17.1,72.7
UNC Asheville Bulldogs,Big South Conference,20-7,0.741,11-0,8-6,W2,26,75.5,26.2,55.2,47.5,8.2,21.0,38.8,15.0,21.8,68.6,8.6,26.2,34.8,13.0,6.7,4.1,14.4,16.7,69.8
Radford Highlanders,Big South Conference,16-10,0.615,9-2,6-8,L1,26,69.8,25.8,55.8,46.2,6.5,18.3,35.8,11.7,17.4,67.1,10.1,23.5,33.6,12.1,7.3,3.1,12.2,16.8,63.8
Gardner-Webb Runnin' Bulldogs,Big South Conference,15-11,0.5770000000000001,8-3,6-8,W7,25,70.6,26.4,56.2,47.1,6.5,19.0,34.1,11.3,18.3,61.7,9.5,25.4,34.8,13.2,7.3,4.8,12.4,18.9,62.8
Longwood Lancers,Big South Conference,17-9,0.654,11-2,6-7,W2,26,73.9,26.3,57.2,45.9,7.8,21.5,36.1,13.6,19.0,71.5,11.0,24.1,35.2,12.8,6.4,2.2,12.2,16.2,65.3
South Carolina Upstate Spartans,Big South Conference,11-13,0.45799999999999996,9-2,2-11,W2,24,68.6,25.2,54.0,46.6,6.5,18.7,34.7,11.8,18.0,65.1,8.3,22.9,31.3,11.9,7.4,4.5,14.3,20.1,69.7
Winthrop Eagles,Big South Conference,11-15,0.423,8-3,2-11,L2,26,72.3,24.2,52.0,46.6,8.8,23.7,37.0,15.1,20.4,74.0,8.3,22.9,31.2,11.9,5.6,3.3,14.7,16.9,73.4
Campbell Fighting Camels,Big South Conference,11-15,0.423,6-6,4-8,L1,25,68.3,23.8,51.9,45.8,6.8,20.7,33.0,14.0,19.9,70.2,7.8,23.6,31.4,12.5,6.4,2.7,12.3,15.6,68.1
Charleston Southern Buccaneers,Big South Conference,8-16,0.33299999999999996,5-6,3-10,L3,24,74.0,26.5,59.3,44.7,8.6,24.1,35.6,12.4,16.7,74.3,11.8,23.6,35.4,12.2,5.2,2.5,12.0,18.0,74.5
High Point Panthers,Big South Conference,11-14,0.44,8-4,1-10,L1,25,75.1,26.4,59.2,44.5,7.5,23.1,32.4,14.8,23.9,62.1,11.5,26.6,38.1,12.4,6.2,4.6,14.7,18.8,78.7
Presbyterian Blue Hose,Big South Conference,5-22,0.185,5-7,0-13,L13,26,63.2,22.5,53.9,41.7,5.8,19.5,29.7,12.5,19.8,63.1,10.9,22.4,33.3,10.8,5.7,3.1,13.0,18.9,68.8
Purdue Boilermakers,Big Ten Conference,23-2,0.92,12-1,6-1,W1,25,74.6,26.2,56.0,46.7,7.4,21.7,34.1,14.8,19.7,75.4,12.4,27.1,39.5,15.7,4.7,4.0,11.2,13.2,61.6
Northwestern Wildcats,Big Ten Conference,17-7,0.708,10-4,6-2,W2,24,68.4,23.6,57.8,40.9,7.7,23.9,32.1,13.5,18.1,74.4,10.4,24.9,35.3,13.5,7.9,4.4,10.3,16.1,62.1
Indiana Hoosiers,Big Ten Conference,17-7,0.708,13-1,3-5,W2,24,77.1,29.1,58.6,49.7,6.3,16.6,38.2,12.5,17.8,70.7,9.8,27.2,37.0,15.9,5.8,5.5,12.1,17.3,67.3
Michigan Wolverines,Big Ten Conference,14-10,0.583,10-3,2-4,W3,24,74.2,26.8,59.3,45.2,7.9,22.3,35.3,12.7,18.3,69.5,8.8,27.3,36.1,13.1,4.9,4.4,9.8,15.3,69.6
Illinois Fighting Illini,Big Ten Conference,17-7,0.708,12-2,3-3,W1,23,75.2,27.0,59.3,45.5,8.1,25.5,31.7,13.2,19.6,67.3,11.8,27.0,38.8,13.4,7.0,5.9,13.4,16.9,64.1
Rutgers Scarlet Knights,Big Ten Conference,16-9,0.64,14-2,2-6,L2,24,70.5,25.8,59.2,43.7,5.8,18.1,32.2,13.0,17.8,72.9,11.8,26.3,38.1,15.6,9.3,3.9,11.9,16.0,58.7
Maryland Terrapins,Big Ten Conference,17-8,0.68,13-1,2-6,W1,24,70.6,25.0,55.9,44.6,6.5,21.4,30.2,14.3,19.3,73.9,10.1,24.6,34.7,11.2,5.7,3.6,10.9,16.2,62.5
Michigan State Spartans,Big Ten Conference,15-9,0.625,10-2,2-5,W1,24,68.1,25.3,57.3,44.1,6.9,18.5,37.3,10.7,14.5,74.1,9.0,27.6,36.6,14.7,4.9,3.0,11.1,16.8,65.6
Iowa Hawkeyes,Big Ten Conference,15-9,0.625,12-2,2-5,L1,24,81.1,28.5,62.4,45.8,8.0,22.8,34.9,16.1,21.5,74.8,11.6,25.1,36.7,16.5,6.6,3.8,10.3,14.5,74.1
Wisconsin Badgers,Big Ten Conference,14-10,0.583,7-4,4-5,L1,23,65.1,23.7,56.3,42.1,8.5,23.3,36.6,9.2,14.1,64.9,7.1,23.5,30.6,12.0,6.6,1.5,8.9,15.7,63.2
Penn State Nittany Lions,Big Ten Conference,14-11,0.56,11-2,1-7,L4,24,72.6,26.9,58.3,46.1,10.8,28.1,38.4,8.0,10.5,75.5,5.8,26.8,32.5,14.7,5.0,2.2,8.7,15.7,67.9
Nebraska Cornhuskers,Big Ten Conference,12-14,0.462,9-3,2-9,W1,25,66.0,25.0,55.9,44.7,6.4,20.3,31.5,9.6,15.3,62.6,8.8,25.8,34.6,13.3,5.5,2.3,12.8,13.7,69.3
Ohio State Buckeyes,Big Ten Conference,11-13,0.45799999999999996,8-4,1-7,L5,24,75.0,28.0,60.4,46.3,6.7,18.2,36.6,12.5,17.3,72.2,11.8,26.7,38.5,11.9,5.1,3.7,11.0,16.3,68.0
Minnesota Golden Gophers,Big Ten Conference,7-15,0.318,5-8,1-6,L7,22,61.1,22.5,54.2,41.4,6.0,20.0,30.0,10.2,16.7,60.9,9.1,24.9,34.0,13.5,4.9,4.0,12.9,14.5,69.3
UC Santa Barbara Gauchos,Big West Conference,19-4,0.826,9-1,8-3,W1,23,70.7,26.0,53.3,48.8,5.4,16.3,33.4,13.1,18.7,70.2,9.3,24.6,33.8,13.9,7.0,2.6,12.6,15.9,62.8
UC Irvine Anteaters,Big West Conference,16-8,0.667,8-3,6-5,W1,24,76.2,28.2,59.8,47.2,7.3,19.1,38.1,12.5,17.6,71.1,9.9,27.3,37.3,14.8,7.3,2.6,12.4,19.3,66.6
Hawai'i Rainbow Warriors,Big West Conference,18-7,0.72,12-3,3-3,W2,25,68.0,23.9,54.7,43.7,6.5,20.0,32.3,13.7,18.3,74.7,9.8,25.0,34.9,10.9,4.9,3.9,12.0,16.0,62.0
UC Riverside Highlanders,Big West Conference,16-9,0.64,7-3,6-6,W1,25,71.8,26.3,60.1,43.8,8.3,22.9,36.1,10.8,15.6,69.3,11.4,26.3,37.8,13.1,4.9,1.8,12.6,18.4,68.4
Long Beach State Beach,Big West Conference,14-11,0.56,7-4,5-6,L1,25,76.8,29.5,65.4,45.1,4.3,15.2,28.4,13.5,20.2,66.6,13.9,28.5,42.4,14.9,7.5,3.5,13.9,16.9,73.8
UC Davis Aggies,Big West Conference,14-10,0.583,7-3,4-7,L1,24,75.2,26.0,56.5,46.1,6.9,19.4,35.4,16.2,23.8,68.2,11.9,25.0,36.9,13.0,6.9,2.8,15.2,18.6,70.1
Cal State Fullerton Titans,Big West Conference,13-12,0.52,10-2,3-8,W1,25,68.8,23.4,55.3,42.4,7.9,21.3,37.2,14.0,20.5,68.6,9.6,24.4,33.9,10.7,6.6,2.6,12.7,17.8,65.0
Cal State Bakersfield Roadrunners,Big West Conference,9-15,0.375,6-5,2-9,W3,24,61.0,22.4,52.9,42.3,4.5,12.8,34.9,11.8,15.6,75.7,9.3,23.0,32.2,10.8,5.8,2.9,12.8,18.5,64.0
UC San Diego Tritons,Big West Conference,8-17,0.32,3-8,5-8,L4,25,66.9,24.3,57.4,42.3,7.2,22.7,31.7,11.2,15.5,72.1,8.7,24.9,33.6,11.7,6.0,2.3,12.2,15.8,71.9
Cal State Northridge Matadors,Big West Conference,6-19,0.24,6-6,0-11,W1,24,63.5,22.1,55.6,39.7,5.8,18.5,31.2,13.5,18.2,74.3,10.2,23.5,33.7,9.9,6.6,3.0,11.8,18.7,67.8
Cal Poly Mustangs,Big West Conference,7-19,0.26899999999999996,6-7,1-12,L13,25,60.3,21.7,52.4,41.5,5.6,18.8,29.8,11.2,14.9,75.5,8.7,24.2,32.8,10.0,5.6,2.4,14.2,19.6,65.4
Hofstra Pride,Colonial Athletic Association,19-8,0.7040000000000001,8-1,9-5,W7,26,73.9,28.2,58.6,48.0,8.6,23.5,36.6,9.0,12.1,74.3,7.1,25.7,32.8,14.1,6.1,4.0,10.9,14.0,67.9
Charleston Cougars,Colonial Athletic Association,24-3,0.889,14-1,10-2,W3,26,80.3,27.7,63.5,43.5,10.0,30.3,33.0,15.0,20.3,73.9,14.1,26.3,40.4,13.5,7.3,3.3,12.4,16.8,68.5
UNC Wilmington Seahawks,Colonial Athletic Association,19-7,0.731,9-2,7-5,L1,26,69.0,23.9,53.7,44.5,6.2,18.8,33.1,15.0,20.8,72.3,10.1,23.6,33.7,11.0,6.7,2.9,11.8,18.2,63.5
Towson Tigers,Colonial Athletic Association,17-9,0.654,8-2,7-5,L1,25,70.6,25.6,58.0,44.1,7.1,19.7,36.0,12.3,17.3,71.1,12.6,24.4,37.0,14.0,6.2,3.5,11.8,15.6,65.6
Drexel Dragons,Colonial Athletic Association,15-11,0.5770000000000001,11-2,3-7,W2,25,66.4,24.4,57.0,42.8,7.5,23.6,31.9,10.1,15.0,67.4,10.6,24.4,35.0,12.2,5.9,3.2,11.3,14.2,62.1
North Carolina A&T Aggies,Colonial Athletic Association,12-15,0.444,7-4,4-8,L1,26,71.3,25.5,59.3,42.9,8.3,24.8,33.4,12.1,17.8,68.0,8.5,26.0,34.6,11.9,7.5,2.7,12.2,17.0,73.1
Stony Brook Seawolves,Colonial Athletic Association,9-17,0.34600000000000003,6-6,3-10,W1,25,62.8,21.5,52.4,41.1,8.0,24.7,32.4,11.7,15.8,74.0,7.6,25.7,33.3,11.7,4.2,2.4,12.0,14.7,68.5
Northeastern Huskies,Colonial Athletic Association,8-15,0.348,4-6,3-8,L5,23,66.0,24.0,56.8,42.2,7.6,21.9,34.5,10.5,15.7,66.9,10.7,25.8,36.4,13.0,5.0,4.1,14.4,16.5,70.7
Delaware Blue Hens,Colonial Athletic Association,12-14,0.462,8-5,2-9,L3,26,69.2,24.7,56.0,44.0,6.3,20.1,31.4,13.6,18.8,72.4,8.8,24.1,32.9,12.3,6.9,4.2,11.8,16.8,70.3
Elon Phoenix,Colonial Athletic Association,6-20,0.231,4-7,2-11,W1,25,66.1,23.8,56.8,41.9,7.1,23.2,30.5,11.3,15.6,72.4,9.0,24.8,33.8,12.7,6.5,2.0,12.5,16.5,71.9
Monmouth Hawks,Colonial Athletic Association,5-21,0.192,2-9,3-12,L1,25,59.0,21.9,55.4,39.5,3.9,14.7,26.6,11.4,17.8,63.7,10.9,21.4,32.3,11.0,8.4,2.8,14.9,19.3,74.8
William & Mary Tribe,Colonial Athletic Association,9-17,0.34600000000000003,8-5,1-12,L4,25,68.3,24.6,55.7,44.3,7.3,19.7,37.2,11.7,17.6,66.4,10.7,23.5,34.2,12.3,5.9,2.2,12.5,16.6,71.2
Hampton Pirates,Colonial Athletic Association,6-20,0.231,5-6,1-10,L3,25,68.2,23.4,59.6,39.2,7.3,22.2,32.8,14.2,20.8,68.4,10.4,23.4,33.8,11.1,4.5,3.2,11.0,18.4,77.2
Florida Atlantic Owls,Conference USA,24-2,0.9229999999999999,15-0,9-2,W3,25,77.5,27.7,59.5,46.6,9.6,26.4,36.4,12.5,17.5,71.2,10.7,28.2,38.9,14.9,6.8,2.4,11.7,15.9,64.7
North Texas Mean Green,Conference USA,20-5,0.8,9-2,7-2,W5,25,63.1,21.8,51.8,42.1,7.4,21.3,34.5,12.1,16.8,72.3,11.4,22.4,33.8,11.0,6.6,2.7,11.7,16.4,56.1
UAB Blazers,Conference USA,18-8,0.6920000000000001,14-2,2-5,W1,25,81.8,28.6,63.0,45.4,6.9,19.5,35.5,17.8,24.2,73.3,13.9,27.5,41.4,15.2,8.2,4.3,13.2,17.6,71.2
Middle Tennessee Blue Raiders,Conference USA,15-11,0.5770000000000001,9-2,3-9,L2,25,71.7,26.8,57.4,46.7,7.1,20.6,34.3,11.0,16.4,67.2,10.9,22.5,33.4,11.5,8.0,4.8,13.9,18.4,67.7
Florida International Panthers,Conference USA,13-12,0.52,11-4,2-8,W1,25,71.5,26.8,57.5,46.6,6.8,21.6,31.5,11.2,16.3,68.6,8.4,23.5,31.9,12.4,9.0,4.0,15.1,16.5,73.1
Rice Owls,Conference USA,15-9,0.625,10-4,5-5,L4,24,78.5,27.8,58.0,47.9,8.8,24.3,36.3,14.1,19.2,73.5,8.4,27.4,35.8,15.9,6.1,2.3,13.4,15.4,74.0
Louisiana Tech Bulldogs,Conference USA,13-12,0.52,8-3,4-9,L2,24,74.1,26.5,58.6,45.1,8.9,25.4,35.1,12.3,16.8,72.8,10.5,24.4,34.9,13.5,8.2,2.5,13.9,17.8,68.5
Western Kentucky Hilltoppers,Conference USA,14-11,0.56,8-4,4-6,W3,25,73.9,26.0,58.2,44.7,8.0,21.5,37.1,13.9,18.9,73.5,8.8,25.8,34.7,13.5,6.2,5.6,11.1,15.2,70.6
Charlotte 49ers,Conference USA,14-10,0.583,8-3,4-6,W1,24,66.5,24.5,52.0,47.2,7.9,21.1,37.3,9.5,12.7,75.1,6.9,23.3,30.3,13.4,5.9,2.5,11.2,14.1,61.3
UTEP Miners,Conference USA,12-13,0.48,10-4,2-9,W1,24,67.9,24.8,55.4,44.8,4.6,17.2,26.7,13.6,22.1,61.7,11.0,24.3,35.3,12.0,9.1,2.5,15.3,18.0,66.6
UTSA Roadrunners,Conference USA,7-19,0.26899999999999996,7-9,0-10,L11,25,67.2,22.5,56.7,39.7,7.6,22.8,33.1,14.6,19.8,74.1,10.7,24.6,35.4,10.6,3.6,2.3,13.6,17.7,74.8
Chicago State Cougars,Division I Independents,9-18,0.33299999999999996,6-0,3-18,W1,26,68.2,23.4,55.4,42.2,7.9,23.7,33.3,13.6,18.7,72.5,11.4,23.2,34.6,11.5,5.5,2.8,13.9,18.8,72.2
Hartford Hawks,Division I Independents,5-20,0.2,5-9,0-9,L3,25,63.7,23.7,55.4,42.8,7.3,22.2,32.9,9.0,13.8,65.4,8.9,22.7,31.6,12.9,6.5,3.8,14.0,14.2,70.9
Youngstown State Penguins,Horizon League,20-6,0.769,11-2,8-4,W5,26,83.5,30.5,61.6,49.5,8.3,21.6,38.5,14.2,18.2,78.2,10.3,25.4,35.7,15.5,7.3,2.9,11.5,15.7,72.7
Milwaukee Panthers,Horizon League,17-8,0.68,11-3,6-5,W1,25,78.6,27.8,60.1,46.2,8.3,23.1,36.0,14.8,20.2,73.2,11.8,27.3,39.1,14.4,7.2,5.8,15.1,18.2,71.6
Northern Kentucky Norse,Horizon League,15-11,0.5770000000000001,12-3,3-5,L2,26,67.1,24.4,57.8,42.2,7.7,23.3,33.1,10.5,15.7,67.3,11.6,21.2,32.8,13.5,9.7,2.4,11.8,15.4,64.2
Cleveland State Vikings,Horizon League,15-11,0.5770000000000001,9-3,6-8,W1,26,70.4,26.6,58.7,45.3,5.3,16.9,31.2,12.0,17.4,68.7,12.0,22.3,34.3,13.0,7.2,3.1,11.2,17.0,67.2
Oakland Golden Grizzlies,Horizon League,11-15,0.423,6-4,5-8,W2,26,72.8,25.7,59.3,43.4,7.5,24.0,31.5,13.8,18.1,76.2,8.5,22.9,31.4,12.4,7.5,2.7,11.0,14.0,75.3
Wright State Raiders,Horizon League,16-11,0.593,8-6,6-4,W3,27,81.4,32.0,63.6,50.3,5.8,16.6,35.0,11.6,15.7,73.4,9.7,27.9,37.5,15.3,6.4,2.7,13.0,15.5,73.3
Purdue Fort Wayne Mastodons,Horizon League,15-11,0.5770000000000001,8-4,6-6,L2,26,74.3,26.2,60.0,43.7,9.8,28.0,35.1,12.2,17.3,70.2,10.5,26.2,36.7,13.2,7.0,2.5,13.1,14.6,68.7
Robert Morris Colonials,Horizon League,11-15,0.423,7-4,4-8,L3,26,68.1,25.4,57.5,44.1,7.3,21.3,34.1,10.0,14.1,71.3,9.8,24.7,34.5,14.0,6.3,3.6,13.3,15.7,67.0
Detroit Mercy Titans,Horizon League,10-16,0.385,7-3,3-12,L1,26,76.6,26.8,61.6,43.5,10.3,26.5,39.0,12.7,16.8,75.9,12.7,23.5,36.2,12.6,6.1,1.7,11.7,16.2,76.3
Green Bay Phoenix,Horizon League,3-23,0.115,2-7,1-14,L1,26,58.6,20.2,50.8,39.7,6.2,21.3,29.2,12.0,16.9,70.8,7.2,20.7,27.8,10.7,5.0,2.3,14.6,17.1,75.9
IUPUI Jaguars,Horizon League,4-22,0.154,3-8,0-11,L1,26,64.2,24.2,53.8,44.9,4.6,16.1,28.7,11.3,16.4,68.8,9.0,22.4,31.4,11.3,5.8,2.5,15.7,17.5,75.7
Princeton Tigers,Ivy League,16-7,0.696,8-2,6-4,L1,22,76.4,27.6,58.4,47.4,8.4,24.2,34.7,12.7,18.2,70.0,9.9,29.5,39.4,14.0,5.1,3.5,13.1,15.6,67.5
Yale Bulldogs,Ivy League,16-6,0.727,8-1,6-5,W5,22,75.0,28.3,59.2,47.8,7.6,21.5,35.3,10.8,15.9,67.9,10.6,28.0,38.5,15.0,6.3,4.1,11.5,16.7,61.0
Pennsylvania Quakers,Ivy League,14-11,0.56,8-4,6-7,W5,24,74.4,26.8,58.1,46.0,8.4,23.4,35.8,12.5,17.0,73.3,10.2,27.3,37.5,15.5,5.3,3.1,12.7,18.1,71.8
Brown Bears,Ivy League,13-10,0.565,7-4,6-6,W3,22,68.3,25.1,57.1,43.9,8.2,23.3,35.2,10.0,16.1,61.7,8.8,26.6,35.4,14.0,7.4,3.1,13.4,15.7,67.3
Cornell Big Red,Ivy League,15-8,0.652,9-1,6-7,L3,22,84.8,30.6,63.3,48.4,11.4,31.0,36.7,12.1,16.6,73.2,10.6,24.0,34.6,18.8,9.7,2.4,12.0,15.9,75.6
Dartmouth Big Green,Ivy League,9-15,0.375,6-5,3-8,W1,23,69.6,25.2,58.1,43.4,7.9,24.4,32.4,11.3,16.6,67.8,8.5,26.8,35.3,12.2,5.6,4.1,14.2,16.7,70.2
Harvard Crimson,Ivy League,12-12,0.5,5-6,6-5,L4,23,67.3,24.6,56.4,43.6,6.6,21.6,30.4,11.5,17.3,66.4,10.4,26.0,36.4,13.3,7.4,4.0,13.9,14.5,65.7
Columbia Lions,Ivy League,6-18,0.25,5-7,1-11,L8,24,67.3,23.8,59.9,39.7,7.6,24.1,31.6,12.1,17.3,70.3,11.0,24.4,35.3,11.5,6.8,1.9,13.8,16.3,74.1
Rider Broncs,Metro Atlantic Athletic Conference,14-9,0.609,7-2,7-5,W8,23,69.5,26.0,57.7,45.1,4.9,14.9,32.7,12.7,16.7,75.6,11.4,25.5,36.9,11.4,5.3,2.2,12.0,17.7,66.0
Iona Gaels,Metro Atlantic Athletic Conference,17-7,0.708,8-1,4-4,W4,24,75.6,28.4,62.1,45.8,6.5,19.5,33.2,12.3,17.0,72.3,10.9,24.7,35.6,14.8,7.6,6.1,10.8,17.2,66.4
Siena Saints,Metro Atlantic Athletic Conference,16-9,0.64,7-3,7-5,W1,25,69.2,24.1,54.6,44.2,6.5,18.0,35.9,14.5,19.2,75.6,9.6,25.0,34.6,12.5,5.4,4.5,13.2,17.4,65.9
Niagara Purple Eagles,Metro Atlantic Athletic Conference,14-9,0.609,8-2,4-7,W5,23,65.4,23.6,52.6,44.9,6.6,18.6,35.5,11.6,16.2,71.3,7.8,23.1,31.0,11.3,5.2,2.7,11.7,15.8,64.8
Quinnipiac Bobcats,Metro Atlantic Athletic Conference,17-8,0.68,8-3,7-4,L2,25,72.6,25.8,59.7,43.1,8.0,22.6,35.3,13.1,20.3,64.7,11.9,26.7,38.6,13.1,6.4,2.6,12.6,16.1,67.2
Manhattan Jaspers,Metro Atlantic Athletic Conference,8-14,0.364,4-7,3-6,L1,22,68.1,24.4,55.6,43.9,7.2,21.0,34.5,12.0,18.1,66.3,8.6,22.4,31.0,12.5,7.8,3.6,14.2,16.5,71.1
Fairfield Stags,Metro Atlantic Athletic Conference,10-14,0.41700000000000004,5-5,3-8,L4,24,63.8,22.0,54.6,40.4,5.4,20.3,26.5,14.3,20.2,70.9,10.3,24.0,34.3,9.3,5.8,3.8,11.8,15.0,64.5
Saint Peter's Peacocks,Metro Atlantic Athletic Conference,10-13,0.435,7-4,3-9,W1,23,62.3,22.4,58.2,38.5,6.0,20.7,29.2,11.3,16.0,71.1,13.6,22.7,36.3,10.9,6.4,3.0,12.4,22.1,64.5
Marist Red Foxes,Metro Atlantic Athletic Conference,8-15,0.348,4-8,3-7,L1,23,62.3,22.3,55.5,40.2,7.3,23.9,30.8,10.3,14.6,70.5,8.4,25.0,33.4,10.6,6.3,3.6,11.9,14.8,66.3
Mount St. Mary's Mountaineers,Metro Atlantic Athletic Conference,8-17,0.32,3-8,5-9,L1,25,62.3,22.9,55.2,41.5,6.8,18.8,36.0,9.7,13.0,75.0,9.7,23.6,33.3,12.8,6.0,2.8,14.0,16.5,66.0
Canisius Golden Griffins,Metro Atlantic Athletic Conference,5-18,0.217,3-7,2-11,L6,23,69.3,24.9,61.3,40.5,8.7,25.7,34.0,10.7,14.7,72.9,11.4,22.6,34.0,13.9,5.5,2.7,12.3,16.2,74.4
Kent State Golden Flashes,Mid-American Conference,20-5,0.8,12-0,7-5,W2,25,75.0,27.0,60.6,44.5,7.9,23.9,33.1,13.1,18.2,71.9,10.6,24.7,35.3,12.5,9.1,3.8,11.5,18.8,64.2
Toledo Rockets,Mid-American Conference,18-6,0.75,10-1,6-3,W8,24,84.9,30.3,62.0,48.8,8.6,22.3,38.6,15.8,21.0,75.1,10.5,24.5,35.0,15.3,6.9,2.9,10.0,16.4,77.4
Ball State Cardinals,Mid-American Conference,18-7,0.72,10-1,6-4,W5,24,75.5,25.8,54.8,47.1,7.3,19.5,37.5,16.6,24.8,67.1,10.8,25.2,36.0,12.8,6.1,4.2,12.5,16.1,69.0
Akron Zips,Mid-American Conference,17-8,0.68,12-1,4-4,L2,25,72.4,24.8,57.1,43.4,9.0,25.4,35.4,13.8,19.1,72.2,10.4,25.4,35.8,13.2,6.3,2.8,11.4,15.9,64.6
Northern Illinois Huskies,Mid-American Conference,11-14,0.44,4-5,6-8,W1,24,71.3,25.6,56.3,45.4,7.4,21.5,34.3,12.8,19.0,67.3,8.8,23.9,32.7,11.7,6.7,2.7,14.4,19.3,75.5
Buffalo Bulls,Mid-American Conference,12-13,0.48,9-4,2-6,L1,25,79.6,29.1,62.7,46.5,7.2,21.5,33.6,14.1,20.4,69.4,11.9,26.3,38.2,15.6,8.2,3.2,14.8,18.8,77.6
Ohio Bobcats,Mid-American Conference,14-11,0.56,11-1,3-9,W3,25,78.6,28.7,62.0,46.2,8.6,23.3,37.0,12.6,17.2,72.9,12.0,25.8,37.8,13.1,6.2,2.2,11.5,18.0,73.9
Bowling Green Falcons,Mid-American Conference,10-15,0.4,6-6,4-9,L5,24,76.8,27.5,60.4,45.6,7.5,21.3,35.0,14.3,19.3,74.0,10.4,25.9,36.3,14.2,5.9,3.1,12.0,17.4,77.5
Central Michigan Chippewas,Mid-American Conference,9-16,0.36,6-5,2-10,W1,24,66.3,23.3,55.9,41.6,6.3,21.5,29.3,13.5,19.7,68.6,11.4,24.5,35.9,11.0,6.0,3.9,15.8,20.3,71.9
Eastern Michigan Eagles,Mid-American Conference,6-18,0.25,4-5,2-10,L2,24,74.8,26.8,59.8,44.7,6.8,20.5,33.2,14.5,19.1,76.0,8.6,22.8,31.5,10.2,6.5,2.1,11.6,19.7,82.3
Miami (OH) Redhawks,Mid-American Conference,8-17,0.32,7-9,1-7,L1,24,74.4,26.1,57.8,45.1,8.1,24.1,33.7,14.1,18.2,77.8,9.6,22.8,32.4,13.7,6.3,2.8,13.9,18.0,75.5
Western Michigan Broncos,Mid-American Conference,6-19,0.24,5-5,1-13,L8,24,71.3,25.9,59.0,44.0,8.0,23.5,33.8,11.5,15.9,72.3,12.7,25.3,37.9,13.2,4.6,2.1,12.9,17.3,74.0
Howard Bison,Mid-Eastern Athletic Conference,15-10,0.6,10-2,4-6,W7,24,74.5,26.3,56.8,46.3,7.6,20.7,36.8,14.3,19.6,72.8,10.3,23.5,33.8,14.6,7.9,3.1,16.4,17.1,72.8
Maryland-Eastern Shore Hawks,Mid-Eastern Athletic Conference,14-8,0.636,9-0,5-8,W7,22,70.0,26.0,59.3,43.8,7.6,23.1,33.1,10.4,14.7,70.9,10.2,21.7,32.0,14.2,10.8,1.7,14.2,16.0,65.9
Norfolk State Spartans,Mid-Eastern Athletic Conference,16-7,0.696,8-1,4-6,W3,23,76.3,27.3,56.9,47.9,7.4,21.2,35.0,14.3,19.3,74.5,10.7,24.7,35.4,14.1,6.6,3.6,12.5,17.5,69.1
Morgan State Bears,Mid-Eastern Athletic Conference,12-12,0.5,8-1,2-10,L1,23,77.3,29.0,63.1,45.9,7.3,19.2,38.0,12.1,17.8,68.2,12.7,23.3,35.9,16.1,10.1,5.0,15.8,21.3,71.3
North Carolina Central Eagles,Mid-Eastern Athletic Conference,11-11,0.5,10-1,1-10,W1,21,76.0,27.7,58.0,47.7,7.4,20.4,36.2,13.3,18.9,70.5,10.6,24.3,34.9,14.7,8.0,2.9,14.9,18.7,67.2
Delaware State Hornets,Mid-Eastern Athletic Conference,5-18,0.217,3-5,2-12,L1,22,63.7,23.8,57.0,41.8,5.7,17.7,32.3,10.4,15.1,68.7,10.8,23.4,34.2,12.4,6.8,2.9,15.7,18.2,74.1
Coppin State Eagles,Mid-Eastern Athletic Conference,6-19,0.24,4-4,2-15,L7,24,73.2,24.8,57.5,43.1,8.8,26.1,33.7,14.8,20.5,72.5,6.4,24.4,30.8,10.9,8.1,2.9,14.7,20.1,85.5
South Carolina State Bulldogs,Mid-Eastern Athletic Conference,4-20,0.16699999999999998,3-3,1-17,W1,23,74.0,27.3,64.8,42.2,6.7,20.7,32.1,12.7,18.8,67.4,13.8,21.5,35.3,13.6,7.3,3.1,14.8,21.2,85.8
Drake Bulldogs,Missouri Valley Conference,21-6,0.778,12-1,5-5,W7,26,75.7,27.3,58.8,46.3,8.0,21.8,36.6,13.2,17.0,77.2,8.5,27.9,36.4,13.7,5.3,2.6,10.9,15.0,65.2
Bradley Braves,Missouri Valley Conference,19-8,0.7040000000000001,13-1,6-4,W6,26,72.0,26.3,56.6,46.5,8.4,22.7,37.2,10.9,16.3,67.0,9.7,25.5,35.2,13.3,7.3,3.9,12.4,16.4,62.5
Southern Illinois Salukis,Missouri Valley Conference,19-8,0.7040000000000001,12-1,6-6,L1,26,66.7,23.7,51.7,45.9,7.9,24.8,31.8,11.4,15.4,74.0,6.7,24.7,31.3,14.0,7.7,2.1,13.1,16.7,61.1
Belmont Bruins,Missouri Valley Conference,18-9,0.667,10-2,6-6,W1,26,74.4,27.1,58.5,46.4,9.6,24.6,39.1,10.6,14.7,71.8,8.3,23.5,31.9,15.0,7.2,3.3,11.7,15.5,70.7
Indiana State Sycamores,Missouri Valley Conference,18-9,0.667,10-3,6-5,W5,26,78.8,28.2,58.9,47.9,9.6,27.9,34.5,12.8,17.2,74.3,7.3,27.1,34.5,15.9,6.9,1.9,12.2,17.1,69.0
Missouri State Bears,Missouri Valley Conference,13-12,0.52,9-3,3-7,W1,25,65.5,24.1,55.2,43.6,7.9,23.7,33.3,9.4,15.2,62.1,11.1,23.6,34.7,11.4,6.6,4.2,12.6,15.6,63.4
Northern Iowa Panthers,Missouri Valley Conference,12-14,0.462,8-6,3-6,L5,25,70.4,25.5,55.8,45.6,7.4,21.7,34.3,12.0,17.4,68.8,7.8,25.8,33.6,11.4,6.5,1.3,12.5,15.0,68.3
Murray State Racers,Missouri Valley Conference,13-13,0.5,9-2,2-10,L3,25,70.8,25.4,57.2,44.4,5.9,18.7,31.6,14.2,19.3,73.4,9.7,25.9,35.6,11.9,5.2,2.9,11.0,15.1,72.2
Illinois State Redbirds,Missouri Valley Conference,10-16,0.385,7-6,3-6,L2,26,66.4,22.7,52.6,43.1,7.3,21.3,34.1,13.8,17.3,79.7,8.9,24.2,33.0,10.7,5.7,3.5,14.8,18.7,69.5
Valparaiso Beacons,Missouri Valley Conference,10-16,0.385,7-5,2-10,L3,26,69.2,25.4,58.2,43.7,6.4,21.3,30.1,11.9,16.5,72.0,7.8,26.3,34.1,13.2,6.2,2.3,12.5,16.8,73.4
UIC Flames,Missouri Valley Conference,10-17,0.37,6-6,2-11,L2,26,66.9,22.9,55.5,41.3,8.0,24.5,32.4,13.1,19.8,66.1,8.2,23.7,31.9,12.8,6.8,4.7,13.0,18.4,70.2
Evansville Purple Aces,Missouri Valley Conference,5-21,0.192,3-8,1-11,W1,26,62.7,22.8,57.0,40.1,6.3,19.3,32.4,10.7,17.3,61.6,8.0,24.3,32.3,10.5,6.7,1.8,12.5,16.3,74.8
San Diego State Aztecs,Mountain West Conference,20-5,0.8,13-1,6-1,W3,24,74.3,26.1,57.3,45.5,7.4,20.8,35.5,14.8,20.2,73.2,10.2,25.2,35.4,13.6,7.3,3.0,11.8,16.9,65.5
Nevada Wolf Pack,Mountain West Conference,20-6,0.769,13-0,5-5,W4,26,73.7,24.4,54.2,45.1,7.3,21.1,34.9,17.5,22.0,79.9,7.5,26.2,33.7,14.2,6.0,3.2,10.5,18.3,66.5
Boise State Broncos,Mountain West Conference,18-6,0.75,10-1,4-4,L1,24,71.6,25.9,56.9,45.5,7.9,21.7,36.5,11.8,16.3,72.8,8.5,27.8,36.3,11.5,5.0,3.1,11.3,16.3,61.2
Utah State Aggies,Mountain West Conference,19-6,0.76,11-2,5-3,L1,25,79.6,27.2,56.4,48.3,10.0,24.3,41.4,15.1,20.0,75.6,8.7,26.7,35.4,17.2,4.8,3.6,12.1,16.6,71.0
New Mexico Lobos,Mountain West Conference,19-6,0.76,14-2,4-4,L3,25,81.6,29.2,59.5,49.0,5.7,16.2,35.1,17.6,24.0,73.2,9.9,28.0,37.9,14.0,7.0,4.1,12.0,16.7,72.4
San Jos√© State Spartans,Mountain West Conference,14-10,0.583,9-2,3-7,L1,24,68.1,25.2,55.8,45.1,7.6,22.3,34.0,10.2,15.2,67.3,11.3,26.0,37.3,13.0,3.8,3.8,12.2,15.1,66.3
Fresno State Bulldogs,Mountain West Conference,9-15,0.375,6-4,3-8,L1,24,62.1,22.5,53.0,42.6,6.4,21.1,30.4,10.6,14.3,74.6,7.9,22.4,30.3,11.6,6.2,3.3,11.8,16.5,65.4
UNLV Rebels,Mountain West Conference,16-9,0.64,8-5,4-4,L1,24,76.1,26.3,59.0,44.5,8.2,23.0,35.7,15.4,21.7,71.0,10.0,23.6,33.6,13.5,9.5,3.8,12.0,16.7,68.5
Air Force Falcons,Mountain West Conference,13-13,0.5,10-7,3-6,W1,26,67.3,23.8,51.2,46.5,8.3,23.3,35.5,11.3,16.0,70.8,6.7,22.6,29.3,15.4,5.8,4.3,11.8,17.0,66.5
Colorado State Rams,Mountain West Conference,11-14,0.44,7-6,3-6,W1,25,73.8,27.0,55.0,49.1,7.8,21.7,35.8,12.0,16.4,73.6,5.6,24.9,30.5,17.4,6.1,2.5,10.8,16.3,71.8
Wyoming Cowboys,Mountain West Conference,7-16,0.304,6-6,0-5,L2,23,70.0,24.6,54.6,45.0,8.7,24.9,34.8,12.2,17.7,69.2,8.0,24.8,32.7,11.4,4.6,2.3,12.0,14.8,71.9
Fairleigh Dickinson Knights,Northeast Conference,15-11,0.5770000000000001,7-4,7-6,W1,26,78.6,28.7,63.3,45.3,8.5,24.8,34.4,12.8,17.0,74.9,11.5,22.3,33.8,15.1,8.4,1.8,11.7,18.8,76.3
Merrimack Warriors,Northeast Conference,11-16,0.40700000000000003,6-6,5-8,W4,26,59.2,20.1,49.7,40.4,6.8,22.5,30.5,12.2,17.4,69.8,6.3,20.9,27.3,11.5,10.8,4.0,14.7,13.8,62.4
Stonehill Skyhawks,Northeast Conference,13-15,0.46399999999999997,6-4,6-10,W1,27,66.9,23.2,52.2,44.4,7.9,21.9,36.1,12.6,16.6,75.5,5.8,24.7,30.5,12.5,7.0,2.9,14.0,15.3,70.3
St. Francis (PA) Red Flash,Northeast Conference,9-16,0.36,8-4,1-12,L1,24,73.2,26.6,58.0,45.9,8.0,20.7,38.4,12.0,17.0,70.4,9.1,24.9,34.0,13.8,4.9,2.0,13.2,16.7,74.4
Wagner Seahawks,Northeast Conference,13-10,0.565,7-3,6-7,W1,22,64.8,24.0,58.7,40.8,6.9,21.1,32.5,10.0,14.5,69.1,12.8,23.1,35.9,13.0,7.0,1.7,12.0,20.2,63.1
Sacred Heart Pioneers,Northeast Conference,13-14,0.48100000000000004,7-4,6-10,L1,27,71.3,26.4,61.3,43.2,7.2,23.0,31.4,11.1,16.4,68.1,10.4,25.0,35.4,13.9,8.2,3.2,13.0,15.1,71.7
St. Francis Brooklyn Terriers,Northeast Conference,13-13,0.5,10-4,3-9,L1,25,64.7,22.9,56.7,40.4,6.5,18.6,35.1,12.3,17.6,70.0,11.3,22.4,33.7,12.2,7.4,4.6,13.5,15.1,66.7
Central Connecticut Blue Devils,Northeast Conference,7-19,0.26899999999999996,4-6,3-12,W1,26,65.1,24.8,58.3,42.6,6.9,21.0,32.7,8.5,12.3,69.1,9.7,23.5,33.2,13.0,6.1,3.8,12.2,14.2,69.3
Long Island University Sharks,Northeast Conference,3-22,0.12,2-8,1-12,L4,24,67.2,24.7,58.3,42.4,5.3,15.2,35.1,12.4,18.9,65.6,9.6,25.0,34.6,14.3,6.5,3.4,16.3,17.1,80.1
Morehead State Eagles,Ohio Valley Conference,16-10,0.615,11-2,5-8,L1,26,70.7,24.3,55.2,44.0,7.1,20.8,34.2,15.0,20.5,73.4,10.0,26.0,36.0,13.8,5.9,3.7,13.0,16.1,67.6
Southeast Missouri State Redhawks,Ohio Valley Conference,13-13,0.5,7-3,5-9,L2,25,77.0,26.8,60.8,44.0,8.5,25.4,33.3,15.0,21.4,69.8,9.0,24.9,33.9,14.4,7.2,3.3,13.7,21.4,76.5
Tennessee Tech Golden Eagles,Ohio Valley Conference,12-14,0.462,10-4,2-10,W2,26,72.8,26.1,59.6,43.8,8.9,24.7,36.0,11.7,16.5,71.1,9.5,25.6,35.1,14.7,6.9,2.3,13.1,15.5,72.7
SIU Edwardsville Cougars,Ohio Valley Conference,17-10,0.63,8-4,7-6,L1,26,73.5,25.1,57.8,43.4,6.8,21.3,32.1,16.4,22.4,73.2,11.3,25.7,37.0,12.2,7.2,4.2,12.7,17.2,68.7
UT Martin Skyhawks,Ohio Valley Conference,16-11,0.593,13-1,3-10,W1,26,80.8,28.7,62.9,45.5,8.0,24.3,32.9,15.5,21.7,71.4,10.9,28.7,39.6,14.2,8.2,3.5,12.1,18.4,74.6
Tennessee State Tigers,Ohio Valley Conference,15-11,0.5770000000000001,11-3,3-7,W4,26,77.5,26.8,59.8,44.8,8.9,25.2,35.3,15.1,21.5,70.2,10.2,26.0,36.2,13.5,5.7,3.3,12.7,19.5,74.0
Southern Indiana Screaming Eagles,Ohio Valley Conference,13-13,0.5,9-3,3-10,L4,26,76.4,26.7,61.0,43.7,10.1,26.2,38.6,13.0,19.4,66.7,12.5,26.7,39.2,13.3,7.6,2.5,13.9,18.1,73.4
Eastern Illinois Panthers,Ohio Valley Conference,9-18,0.33299999999999996,6-7,3-10,W2,26,68.5,25.2,58.2,43.4,5.2,16.5,31.5,12.8,20.3,63.1,9.8,24.2,34.0,14.2,8.6,3.3,13.3,18.5,71.5
Lindenwood Lions,Ohio Valley Conference,9-17,0.34600000000000003,7-4,2-11,L1,26,68.0,25.1,58.9,42.7,7.5,21.2,35.2,10.3,14.2,72.7,9.1,25.2,34.3,12.1,6.4,3.2,13.3,15.6,71.5
Little Rock Trojans,Ohio Valley Conference,8-19,0.29600000000000004,7-4,1-15,L1,26,74.6,26.6,60.8,43.7,6.2,18.4,33.4,15.3,21.0,72.8,11.2,24.4,35.6,14.2,6.5,2.0,13.5,19.8,78.7
UCLA Bruins,Pac-12 Conference,20-4,0.833,13-0,6-2,W3,24,74.1,28.6,61.5,46.6,6.3,17.8,35.7,10.5,14.8,71.5,12.0,23.7,35.7,14.9,8.9,3.9,10.7,15.4,59.7
Arizona Wildcats,Pac-12 Conference,22-3,0.88,13-1,5-2,W7,25,83.4,29.4,60.0,48.9,8.4,23.1,36.6,16.2,22.4,72.3,11.4,29.8,41.2,19.6,6.5,3.7,13.8,16.9,70.4
USC Trojans,Pac-12 Conference,17-7,0.708,12-1,3-4,L1,24,71.8,26.1,57.1,45.7,5.8,18.0,32.3,13.6,18.5,73.6,9.6,25.1,34.7,14.0,7.4,5.3,12.9,17.3,67.2
Oregon Ducks,Pac-12 Conference,15-10,0.6,11-4,3-4,W2,25,71.0,25.4,56.1,45.3,7.1,22.6,31.3,13.2,18.8,70.1,10.8,26.0,36.8,13.4,6.1,5.2,12.9,15.0,66.9
Utah Utes,Pac-12 Conference,16-9,0.64,11-4,4-4,W1,25,70.4,25.3,57.3,44.2,7.3,21.0,34.7,12.5,17.5,71.6,11.0,28.3,39.3,14.9,5.5,4.4,12.0,15.2,61.8
Arizona State Sun Devils,Pac-12 Conference,17-8,0.68,9-4,5-4,W1,25,71.2,25.3,59.8,42.3,7.6,23.6,32.1,13.1,19.0,69.1,11.2,26.6,37.7,14.5,7.0,5.2,12.3,18.6,66.9
Colorado Buffaloes,Pac-12 Conference,14-11,0.56,11-2,1-7,W2,25,71.2,26.0,58.8,44.2,6.4,19.8,32.1,12.9,18.9,68.1,11.7,26.2,37.8,13.0,8.2,3.8,14.0,16.5,65.6
Washington Huskies,Pac-12 Conference,13-12,0.52,10-5,1-7,L3,25,69.7,24.8,57.2,43.3,6.8,21.2,32.1,13.3,17.8,75.0,8.9,25.1,34.0,11.6,7.0,5.6,14.4,16.7,70.9
Washington State Cougars,Pac-12 Conference,10-15,0.4,7-3,1-8,L2,25,67.4,23.7,56.3,42.0,8.6,24.0,35.8,11.4,15.9,71.6,11.2,23.7,34.8,11.6,4.8,2.8,12.8,16.2,65.8
Stanford Cardinal,Pac-12 Conference,10-14,0.41700000000000004,7-5,1-5,L2,24,68.4,24.5,56.0,43.7,7.6,23.0,33.2,11.9,16.8,70.7,11.0,24.3,35.3,13.8,5.8,3.5,12.9,16.3,66.4
Oregon State Beavers,Pac-12 Conference,9-16,0.36,8-5,1-8,L3,25,61.4,21.3,50.7,42.0,6.3,19.0,33.3,12.6,17.0,73.7,7.3,23.4,30.6,10.5,5.5,3.3,13.9,17.6,66.6
California Golden Bears,Pac-12 Conference,3-21,0.125,3-11,0-8,L8,24,59.1,21.3,52.2,40.7,5.0,16.6,30.3,11.6,16.0,72.6,8.5,22.9,31.4,9.8,4.7,3.2,13.5,16.9,68.7
Colgate Raiders,Patriot League,19-8,0.7040000000000001,9-2,9-4,W2,26,77.2,29.3,57.8,50.6,8.1,20.6,39.4,10.6,15.7,67.4,8.1,25.4,33.5,17.7,7.1,2.7,10.6,12.8,69.0
Lehigh Mountain Hawks,Patriot League,14-10,0.583,8-3,6-7,L1,24,70.3,25.4,57.4,44.2,7.4,20.5,36.2,12.2,16.6,73.4,7.1,26.7,33.8,12.9,6.5,2.3,12.3,16.6,69.4
Navy Midshipmen,Patriot League,15-11,0.5770000000000001,8-4,7-7,W4,25,70.4,26.7,57.4,46.4,8.3,21.5,38.5,8.8,12.7,69.2,9.8,24.6,34.4,15.0,6.6,2.6,12.1,15.8,66.9
Army Black Knights,Patriot League,14-13,0.519,8-4,6-6,L1,26,74.2,27.2,56.0,48.7,7.8,21.5,36.3,11.9,17.3,68.8,8.7,25.3,34.0,13.2,5.3,2.0,13.2,16.2,69.9
American University Eagles,Patriot League,15-10,0.6,7-4,8-6,L2,24,66.4,24.6,49.8,49.4,6.9,19.0,36.2,10.4,14.3,72.8,7.5,22.3,29.7,14.2,7.4,3.9,14.5,15.1,64.8
Lafayette Leopards,Patriot League,9-18,0.33299999999999996,4-6,4-12,W2,26,61.1,22.1,54.5,40.6,8.9,27.0,33.0,8.0,12.8,62.2,7.7,23.6,31.3,15.2,6.0,3.1,11.6,15.4,64.4
Holy Cross Crusaders,Patriot League,9-18,0.33299999999999996,5-8,4-8,W1,26,66.0,24.9,57.1,43.6,7.0,19.3,36.5,9.2,14.6,63.1,7.7,24.7,32.3,12.0,6.5,2.9,12.5,16.5,71.2
Boston University Terriers,Patriot League,12-15,0.444,7-4,5-9,L1,25,67.3,23.7,57.1,41.5,7.5,22.8,33.0,12.4,16.9,73.7,10.4,24.9,35.3,10.6,6.8,2.3,12.5,17.6,67.7
Loyola Maryland Greyhounds,Patriot League,8-18,0.308,5-6,2-11,L3,26,64.8,24.2,54.3,44.6,7.2,20.9,34.6,9.2,14.9,61.5,9.2,21.4,30.5,13.7,7.9,2.6,14.3,15.7,69.5
Bucknell Bison,Patriot League,10-17,0.37,5-7,3-10,L2,26,68.3,25.0,54.7,45.7,7.2,20.7,34.9,11.0,15.4,71.7,8.3,25.9,34.3,13.8,5.5,3.8,13.7,15.9,68.5
Alabama Crimson Tide,Southeastern Conference,22-3,0.88,12-0,8-1,W4,24,83.7,27.9,62.8,44.4,10.5,29.9,35.3,17.3,23.9,72.6,13.0,31.9,44.9,15.1,6.2,5.1,14.1,18.7,68.7
Texas A&M Aggies,Southeastern Conference,17-7,0.708,12-1,4-3,W2,24,75.1,25.1,56.1,44.7,6.2,19.3,31.9,18.8,25.3,74.3,12.6,24.8,37.5,13.5,7.2,2.5,12.2,19.0,66.7
Tennessee Volunteers,Southeastern Conference,19-5,0.792,11-1,4-3,L1,24,72.0,25.6,59.4,43.2,7.6,23.4,32.4,13.2,18.0,73.0,13.6,26.5,40.0,16.8,8.9,3.9,12.6,16.6,55.0
Auburn Tigers,Southeastern Conference,17-8,0.68,11-2,4-5,L3,24,72.3,25.9,58.6,44.2,6.2,21.1,29.2,14.4,20.8,69.0,12.1,25.5,37.6,14.4,8.3,5.7,12.7,19.1,64.6
Kentucky Wildcats,Southeastern Conference,16-9,0.64,12-3,3-4,L2,24,75.1,27.9,60.7,45.9,6.8,18.5,36.6,12.5,18.2,69.0,13.3,25.0,38.3,15.8,6.7,4.0,11.5,15.4,67.7
Missouri Tigers,Southeastern Conference,18-6,0.75,14-2,2-4,W1,24,82.0,29.1,60.5,48.0,9.4,26.1,35.9,14.4,19.0,75.7,9.5,21.8,31.3,17.1,10.6,2.9,11.6,18.5,74.8
Arkansas Razorbacks,Southeastern Conference,17-7,0.708,11-1,2-5,W3,24,75.0,27.4,57.1,48.0,4.9,15.9,31.0,15.3,21.8,70.3,10.2,25.5,35.8,13.6,8.5,5.2,13.3,18.8,65.5
Vanderbilt Commodores,Southeastern Conference,13-12,0.52,9-5,3-5,W3,24,70.5,24.9,59.5,41.8,8.1,24.9,32.4,12.7,17.7,71.8,11.8,24.8,36.5,11.8,5.0,4.5,11.4,16.5,71.7
Florida Gators,Southeastern Conference,13-12,0.52,8-4,3-5,L3,24,71.2,24.7,57.4,43.0,6.7,20.7,32.3,15.1,20.4,74.0,8.5,27.4,35.9,12.4,6.5,5.9,11.4,16.2,66.2
Georgia Bulldogs,Southeastern Conference,15-10,0.6,12-2,1-7,W1,24,69.9,23.5,56.3,41.8,7.0,21.5,32.6,15.8,21.7,72.9,11.6,25.8,37.4,11.8,6.6,2.9,13.5,15.7,69.1
Mississippi State Bulldogs,Southeastern Conference,16-8,0.667,10-3,2-4,W4,24,65.5,24.0,57.0,42.0,5.7,20.5,27.9,11.8,19.0,62.4,12.9,24.8,37.7,14.5,9.5,3.7,12.5,14.5,58.5
Ole Miss Rebels,Southeastern Conference,10-15,0.4,6-8,2-6,L1,24,67.7,25.0,58.8,42.5,6.0,20.1,29.7,11.8,16.9,69.6,12.2,24.3,36.5,13.0,6.8,4.6,12.5,16.5,68.3
South Carolina Gamecocks,Southeastern Conference,9-16,0.36,6-6,3-6,W1,24,64.1,23.3,58.5,39.9,7.8,23.9,32.5,9.7,15.2,63.6,12.4,22.2,34.6,10.9,5.1,2.7,13.3,16.3,73.2
LSU Tigers,Southeastern Conference,12-12,0.5,9-5,0-6,L11,24,66.5,23.3,56.3,41.3,7.2,21.8,33.0,12.9,18.2,70.7,10.7,23.8,34.5,12.5,7.3,2.9,12.8,16.3,68.8
Furman Paladins,Southern Conference,21-6,0.778,12-2,7-2,W8,26,82.4,29.5,60.6,48.6,9.9,28.3,35.0,13.6,18.0,75.5,10.0,25.7,35.7,18.0,7.1,3.2,11.7,16.9,71.2
Samford Bulldogs,Southern Conference,18-9,0.667,12-2,6-7,W4,26,78.0,26.0,57.7,45.1,8.5,25.3,33.8,17.5,23.1,75.7,10.7,25.8,36.5,11.6,7.5,2.6,13.0,18.8,70.8
UNC Greensboro Spartans,Southern Conference,17-9,0.654,9-3,7-4,W3,26,71.0,25.2,56.8,44.4,7.6,22.0,34.5,13.0,18.3,71.1,10.0,26.4,36.4,14.6,7.4,2.5,12.0,16.8,62.8
Western Carolina Catamounts,Southern Conference,14-13,0.519,7-5,5-8,L1,26,75.9,26.0,60.3,43.1,9.0,26.6,34.0,14.8,20.7,71.6,10.2,26.8,37.1,13.0,6.0,2.7,10.8,17.3,70.6
Chattanooga Mocs,Southern Conference,14-13,0.519,9-5,5-8,W2,26,77.0,26.1,58.4,44.7,11.4,30.3,37.7,13.3,18.5,72.1,10.4,26.3,36.7,15.2,5.9,3.9,12.0,15.1,71.2
East Tennessee State Buccaneers,Southern Conference,10-17,0.37,5-9,4-7,W1,27,69.2,26.0,57.2,45.5,6.1,19.7,31.3,11.0,16.6,66.4,10.9,24.9,35.8,12.4,6.3,3.1,13.6,15.7,68.7
Wofford Terriers,Southern Conference,13-13,0.5,10-4,3-9,L3,26,74.5,27.3,58.0,47.2,7.5,22.7,33.2,12.3,16.5,74.2,9.2,24.2,33.3,12.7,5.7,2.0,11.2,13.7,71.5
Mercer Bears,Southern Conference,12-15,0.444,6-6,4-8,L2,26,69.8,26.2,57.8,45.3,5.9,17.5,33.8,11.4,16.7,68.4,10.2,24.3,34.4,13.6,5.9,2.1,11.1,17.5,67.8
The Citadel Bulldogs,Southern Conference,9-18,0.33299999999999996,4-8,4-9,L6,26,68.8,24.5,56.5,43.3,7.6,22.7,33.6,12.3,16.2,76.0,7.2,25.3,32.5,12.3,5.3,2.3,12.2,17.1,74.8
VMI Keydets,Southern Conference,6-21,0.222,5-6,1-13,L3,27,69.5,25.3,59.5,42.5,9.5,26.6,35.7,9.4,12.3,76.8,11.1,24.8,35.9,11.5,5.4,1.1,13.6,15.6,74.9
Texas A&M-Corpus Christi Islanders,Southland Conference,17-9,0.654,12-1,4-7,W6,25,81.0,28.2,62.2,45.4,8.1,22.4,36.3,16.4,21.1,77.8,12.2,24.9,37.1,15.7,9.2,1.6,13.2,19.6,73.3
Northwestern State Demons,Southland Conference,18-8,0.6920000000000001,8-2,9-6,W8,25,74.9,27.2,62.5,43.6,9.3,24.9,37.4,11.1,16.1,69.2,12.6,21.2,33.9,13.1,8.6,2.3,11.9,18.7,72.5
Nicholls Colonels,Southland Conference,13-11,0.542,8-0,4-10,W3,23,75.7,28.6,62.4,45.8,7.7,22.7,34.0,10.8,17.1,63.2,11.3,23.2,34.5,14.3,9.2,3.0,13.5,21.3,72.3
SE Louisiana Lions,Southland Conference,14-12,0.5379999999999999,9-4,4-7,L3,25,77.3,27.3,60.6,45.0,8.0,22.0,36.2,14.8,20.0,74.1,10.2,23.9,34.1,13.8,7.5,1.8,12.0,17.2,76.2
Texas A&M-Commerce Lions,Southland Conference,11-15,0.423,5-2,5-11,L2,25,69.9,25.5,57.6,44.2,8.6,27.6,31.1,10.4,14.9,69.6,9.4,23.6,33.1,14.3,5.9,3.1,12.9,18.7,71.4
Incarnate Word Cardinals,Southland Conference,11-14,0.44,6-5,3-9,L1,25,70.3,24.9,56.8,43.9,6.0,17.8,33.8,14.4,19.5,74.0,9.4,23.1,32.4,12.2,8.2,2.8,13.8,17.0,72.7
Houston Christian Huskies,Southland Conference,7-18,0.28,6-7,1-10,L5,25,77.9,26.8,58.6,45.8,8.1,22.4,36.2,16.1,22.1,72.9,10.7,23.6,34.4,14.5,5.9,2.7,15.8,18.2,83.9
Lamar Cardinals,Southland Conference,8-18,0.308,5-7,2-10,L1,25,67.5,24.6,57.5,42.8,5.5,17.7,31.2,12.8,18.6,68.8,12.5,24.7,37.2,13.1,6.4,3.3,14.4,15.5,74.0
New Orleans Privateers,Southland Conference,6-17,0.261,5-8,1-9,L8,23,70.6,25.0,55.0,45.4,6.4,16.7,38.4,14.3,20.6,69.2,9.0,22.3,31.3,14.5,6.5,2.1,18.0,19.0,80.5
McNeese Cowboys,Southland Conference,6-19,0.24,4-7,2-12,W1,25,67.5,25.0,58.4,42.7,8.2,25.1,32.9,9.3,14.9,62.5,11.9,22.3,34.2,11.5,7.9,2.0,14.9,19.5,74.8
Alcorn State Braves,Southwestern Athletic Conference,12-11,0.522,6-1,5-9,W3,23,66.9,23.7,59.3,39.9,5.3,18.0,29.2,14.3,19.9,71.6,12.8,21.7,34.5,9.7,7.7,2.3,13.1,19.9,71.8
Southern Jaguars,Southwestern Athletic Conference,12-12,0.5,7-0,4-11,L2,24,74.3,26.3,59.2,44.4,8.3,23.4,35.3,13.4,18.5,72.4,8.1,23.5,31.6,15.1,8.7,2.5,14.9,20.6,73.0
Grambling Tigers,Southwestern Athletic Conference,15-8,0.652,7-1,7-6,W2,23,69.0,24.5,54.3,45.1,5.6,15.8,35.2,14.4,22.2,64.9,11.2,25.6,36.7,12.7,7.2,4.1,15.4,19.4,64.0
Jackson State Tigers,Southwestern Athletic Conference,8-17,0.32,5-1,3-14,W2,24,67.3,24.4,60.0,40.7,6.4,21.1,30.4,12.0,18.1,66.2,12.2,22.2,34.4,12.5,7.5,2.4,15.8,18.6,76.9
Alabama State Hornets,Southwestern Athletic Conference,8-17,0.32,5-2,2-15,W2,24,64.5,22.3,60.2,37.1,5.9,19.0,31.2,14.0,19.0,73.5,12.5,24.3,36.7,10.2,5.8,3.5,13.1,18.1,74.4
Arkansas-Pine Bluff Golden Lions,Southwestern Athletic Conference,10-15,0.4,8-2,2-13,L3,24,66.9,22.8,58.0,39.3,7.8,24.8,31.6,13.4,18.3,73.3,10.3,24.9,35.2,13.2,8.0,3.0,16.1,19.5,69.1
Bethune-Cookman Wildcats,Southwestern Athletic Conference,9-15,0.375,6-2,2-12,L1,24,68.0,24.5,58.4,41.9,6.6,18.3,36.1,12.5,17.7,70.5,9.8,22.9,32.7,11.2,7.7,3.2,13.3,17.1,75.1
Alabama A&M Bulldogs,Southwestern Athletic Conference,9-15,0.375,8-7,1-7,L1,24,70.1,25.6,57.8,44.3,7.0,18.8,37.6,11.8,18.0,65.5,9.8,21.7,31.5,13.0,8.5,3.9,14.9,18.5,73.1
Prairie View A&M Panthers,Southwestern Athletic Conference,9-15,0.375,6-3,3-11,W1,24,67.5,24.3,59.8,40.5,5.2,18.7,27.8,13.8,20.1,68.5,12.0,23.8,35.8,10.3,7.8,3.4,14.0,19.5,68.5
Texas Southern Tigers,Southwestern Athletic Conference,8-16,0.33299999999999996,5-6,2-9,W1,24,69.5,25.8,61.0,42.3,4.5,16.8,26.8,13.3,20.7,64.2,12.0,26.3,38.3,11.7,6.8,3.8,15.0,18.3,73.4
Florida A&M Rattlers,Southwestern Athletic Conference,5-18,0.217,4-4,1-14,L2,22,57.2,20.4,53.2,38.3,5.7,18.1,31.7,10.6,16.0,66.7,10.2,21.8,32.0,9.5,6.4,3.2,16.1,19.0,70.4
Mississippi Valley State Delta Devils,Southwestern Athletic Conference,3-22,0.12,2-3,1-17,L1,25,59.4,20.7,52.6,39.4,4.7,13.7,34.1,13.2,20.1,65.8,10.0,21.1,31.1,9.3,7.8,2.2,15.8,17.8,75.7
Oral Roberts Golden Eagles,Summit League,23-4,0.852,14-0,9-4,W10,26,85.6,31.2,64.1,48.7,11.2,29.5,38.0,12.0,15.8,76.0,9.0,28.4,37.4,15.3,6.7,5.5,9.9,13.5,70.7
South Dakota State Jackrabbits,Summit League,14-11,0.56,8-1,4-9,W3,25,69.9,25.0,55.8,44.8,7.7,22.1,34.7,12.3,15.5,79.1,6.6,25.4,32.0,10.8,5.2,2.9,12.4,14.2,70.3
North Dakota State Bison,Summit League,11-15,0.423,7-4,4-9,W2,25,73.2,26.6,57.9,45.9,8.0,23.7,33.6,12.1,17.8,68.1,8.5,27.2,35.8,11.6,4.0,2.9,11.6,15.3,73.6
Kansas City Roos,Summit League,11-15,0.423,6-6,3-8,W1,26,66.4,23.4,57.9,40.4,6.0,20.6,28.9,13.6,19.0,71.5,13.7,23.9,37.5,10.0,6.5,3.8,13.7,18.5,67.2
Western Illinois Leathernecks,Summit League,15-11,0.5770000000000001,11-4,4-7,L2,25,73.6,26.1,57.2,45.7,6.9,21.5,32.2,14.4,20.4,70.6,9.1,25.4,34.5,13.6,5.8,3.7,11.2,14.2,72.0
St. Thomas - Minnesota Tommies,Summit League,16-11,0.593,10-2,4-8,L1,27,74.9,25.7,56.4,45.5,9.0,24.9,36.2,14.5,18.4,78.8,8.0,22.9,31.0,13.1,5.9,2.3,10.0,17.1,71.1
South Dakota Coyotes,Summit League,11-14,0.44,7-5,2-8,L1,25,68.9,24.1,56.2,42.8,8.6,22.3,38.7,12.1,15.7,76.8,8.7,25.2,34.0,12.1,4.4,1.4,12.2,17.0,73.8
North Dakota Fighting Hawks,Summit League,10-17,0.37,7-7,3-10,W3,26,70.7,25.7,58.5,43.9,9.1,26.0,35.0,10.3,15.1,67.9,9.3,23.8,33.2,11.9,4.5,2.7,11.8,15.9,73.1
Denver Pioneers,Summit League,13-15,0.46399999999999997,7-4,4-11,L3,27,72.4,25.9,53.4,48.4,4.2,13.3,31.8,16.4,23.2,70.6,9.4,25.7,35.1,11.0,5.3,3.1,14.9,16.7,75.3
Omaha Mavericks,Summit League,7-20,0.259,4-6,1-14,L9,26,68.5,25.3,56.3,45.0,5.4,16.2,33.6,12.3,16.0,77.2,8.1,23.7,31.7,12.1,5.6,3.0,12.8,18.0,77.0
Southern Miss Golden Eagles,Sun Belt Conference,23-4,0.852,14-0,7-4,W9,26,75.7,27.7,59.5,46.4,6.9,21.2,32.4,13.5,18.9,71.5,11.8,25.5,37.3,15.1,8.8,2.7,11.5,16.6,64.0
Louisiana Ragin' Cajuns,Sun Belt Conference,20-5,0.8,11-0,7-5,L1,25,79.9,28.8,58.9,48.8,7.4,18.9,39.0,15.0,21.8,68.9,11.4,25.6,37.0,15.3,7.2,3.3,12.4,16.6,70.9
Marshall Thundering Herd,Sun Belt Conference,21-6,0.778,13-2,8-4,W2,26,81.9,31.6,68.0,46.5,8.4,25.1,33.4,10.3,15.6,65.8,13.3,26.7,40.0,18.0,9.2,5.4,11.6,16.3,69.9
James Madison Dukes,Sun Belt Conference,18-9,0.667,8-2,8-6,W1,26,81.6,28.7,60.8,47.2,8.0,22.7,35.4,16.2,22.8,70.7,11.6,26.0,37.6,13.5,10.0,2.3,13.6,17.5,66.8
Appalachian State Mountaineers,Sun Belt Conference,14-12,0.5379999999999999,9-6,5-5,W1,26,70.9,25.7,58.1,44.2,7.8,23.2,33.4,11.7,17.3,67.6,8.9,27.5,36.4,13.4,6.9,4.6,11.5,13.8,63.5
Troy Trojans,Sun Belt Conference,15-11,0.5770000000000001,9-3,5-7,W2,26,72.2,25.8,58.5,44.1,7.6,23.9,31.9,13.0,18.3,70.6,10.9,23.6,34.5,13.8,8.5,2.7,13.5,17.3,65.5
Old Dominion Monarchs,Sun Belt Conference,15-10,0.6,10-4,4-4,W2,25,67.4,24.0,56.6,42.4,5.3,16.6,31.8,14.1,20.9,67.3,12.0,25.8,37.9,10.5,6.4,4.0,11.1,16.6,66.0
UL Monroe Warhawks,Sun Belt Conference,11-16,0.40700000000000003,7-6,4-8,L3,26,68.5,24.3,58.0,41.9,7.5,20.9,35.7,12.5,17.7,70.3,10.9,24.3,35.2,13.5,7.5,3.5,13.0,15.2,68.5
Georgia Southern Eagles,Sun Belt Conference,14-13,0.519,10-4,3-9,W2,26,68.5,25.9,59.0,44.0,6.0,19.9,30.2,10.6,15.5,68.3,10.3,25.5,35.9,10.3,7.0,3.2,11.5,16.8,66.7
Texas State Bobcats,Sun Belt Conference,12-14,0.462,4-7,6-6,W1,26,64.5,23.3,54.4,42.9,4.2,14.1,29.8,13.6,19.2,70.8,10.4,22.6,33.0,9.7,6.5,3.4,12.2,18.3,65.7
South Alabama Jaguars,Sun Belt Conference,11-14,0.44,6-4,3-9,L1,25,69.6,27.0,59.4,45.4,7.4,23.0,32.2,8.2,12.1,68.0,7.3,25.7,33.0,11.4,6.1,4.1,10.7,14.7,66.9
Coastal Carolina Chanticleers,Sun Belt Conference,10-16,0.385,7-7,3-9,L7,25,73.8,26.8,61.4,43.6,7.2,22.9,31.6,13.0,17.2,75.6,11.9,26.2,38.1,12.8,6.1,3.4,12.2,15.9,72.7
Georgia State Panthers,Sun Belt Conference,10-16,0.385,10-8,0-8,L3,25,66.2,23.9,57.9,41.3,5.5,18.7,29.5,12.9,18.2,70.9,11.3,24.0,35.3,11.2,5.8,3.8,13.4,17.0,66.4
Arkansas State Red Wolves,Sun Belt Conference,10-17,0.37,9-7,1-10,L2,26,65.2,23.7,55.2,42.9,6.2,17.9,34.4,11.8,17.6,66.8,10.2,23.6,33.8,13.4,6.9,3.3,12.1,16.9,67.3
Saint Mary's Gaels,West Coast Conference,21-5,0.8079999999999999,14-2,4-1,L1,26,71.7,26.1,57.0,45.8,7.8,21.1,36.8,11.7,16.8,69.2,11.0,25.5,36.5,12.5,7.3,3.5,10.8,16.5,58.5
Gonzaga Bulldogs,West Coast Conference,20-5,0.8,11-1,5-2,W1,25,86.2,32.4,62.4,52.0,7.7,20.1,38.2,13.7,19.7,69.4,10.3,26.7,37.0,16.1,7.9,3.1,11.3,17.1,73.7
Loyola Marymount Lions,West Coast Conference,17-9,0.654,12-2,3-6,W1,26,75.9,27.2,59.1,46.1,9.4,25.3,37.0,12.0,18.0,66.9,10.3,26.3,36.5,12.3,5.4,3.0,12.9,19.2,71.5
Santa Clara Broncos,West Coast Conference,18-8,0.6920000000000001,12-4,3-3,W2,26,75.7,27.2,61.2,44.4,8.2,22.8,35.9,13.2,18.5,71.5,11.3,27.5,38.8,13.6,6.2,3.6,12.9,15.3,72.7
BYU Cougars,West Coast Conference,16-11,0.593,11-3,2-5,L1,27,75.4,26.9,59.4,45.2,8.2,24.5,33.5,13.4,19.0,70.8,11.0,27.1,38.1,15.0,7.9,4.0,14.9,18.9,69.1
Pacific Tigers,West Coast Conference,12-14,0.462,5-9,7-5,L2,26,75.7,26.3,59.2,44.4,8.9,23.2,38.5,14.2,19.8,71.7,8.6,23.8,32.5,12.3,5.7,2.6,11.9,19.2,76.7
Portland Pilots,West Coast Conference,13-14,0.48100000000000004,10-4,2-8,W1,27,77.4,25.3,55.6,45.6,9.3,25.0,37.2,17.4,23.9,72.9,8.3,25.1,33.4,15.5,5.0,2.3,13.1,17.7,77.1
San Francisco Dons,West Coast Conference,15-12,0.556,9-6,4-5,L3,27,75.1,25.9,57.9,44.8,10.0,28.1,35.6,13.3,17.8,74.8,9.3,25.2,34.5,13.0,6.8,2.5,14.2,18.2,71.8
San Diego Toreros,West Coast Conference,11-15,0.423,8-7,3-6,L1,26,78.0,27.5,60.5,45.5,7.8,21.7,36.1,15.2,19.8,76.6,10.2,23.2,33.4,13.2,6.8,1.9,11.7,17.3,79.4
Pepperdine Waves,West Coast Conference,9-17,0.34600000000000003,8-6,0-10,W2,26,78.0,29.0,62.6,46.3,8.2,22.7,36.1,11.9,16.9,70.5,9.4,27.1,36.5,15.2,5.8,4.1,14.3,17.6,80.2
Utah Valley Wolverines,Western Athletic Conference,19-6,0.76,10-1,8-4,W3,25,76.3,27.3,59.7,45.7,6.6,20.2,32.9,15.0,20.5,73.1,10.4,29.6,40.0,15.7,6.8,6.4,13.2,17.8,67.6
Southern Utah Thunderbirds,Western Athletic Conference,17-8,0.68,11-1,4-6,W1,25,84.3,29.3,61.3,47.8,8.2,23.6,34.6,17.5,24.4,71.8,10.8,28.2,39.0,13.4,7.6,3.4,13.7,18.4,73.0
Seattle U Redhawks,Western Athletic Conference,17-8,0.68,10-1,6-5,W1,25,73.6,25.5,62.0,41.1,9.2,28.6,32.2,13.4,18.9,71.0,11.4,26.1,37.5,13.0,6.1,3.2,12.2,18.4,68.5
Grand Canyon Lopes,Western Athletic Conference,16-8,0.667,12-2,3-4,W2,24,73.4,25.2,55.8,45.1,8.4,23.6,35.5,14.7,19.9,73.8,10.9,26.0,36.9,12.0,5.0,3.0,12.4,17.7,65.7
Sam Houston Bearkats,Western Athletic Conference,17-6,0.7390000000000001,8-1,7-5,L1,23,75.6,28.0,59.6,47.1,8.8,22.4,39.3,10.7,15.9,67.2,12.3,24.5,36.9,14.2,9.0,2.3,13.4,17.9,59.3
Stephen F. Austin Lumberjacks,Western Athletic Conference,15-9,0.625,10-2,4-4,L2,24,76.5,27.4,57.0,48.1,6.5,16.5,39.4,15.1,20.8,72.7,10.5,23.0,33.5,15.5,9.5,2.4,15.5,21.0,67.9
Tarleton Texans,Western Athletic Conference,13-12,0.52,10-1,1-10,L1,25,70.7,24.6,54.3,45.4,4.6,13.6,34.1,16.8,24.7,68.0,9.7,22.2,32.0,12.2,9.2,3.0,12.4,20.4,67.7
Abilene Christian Wildcats,Western Athletic Conference,13-11,0.542,9-2,4-6,W3,24,76.6,28.0,60.0,46.6,7.3,20.2,36.0,13.4,19.0,70.8,10.4,22.3,32.7,16.2,9.3,2.5,13.1,20.6,69.3
California Baptist Lancers,Western Athletic Conference,13-12,0.52,9-5,4-5,L4,25,67.7,24.1,56.7,42.6,8.1,24.8,32.6,11.4,17.8,64.2,10.7,25.8,36.5,13.3,4.2,3.4,11.6,17.1,65.4
UT Arlington Mavericks,Western Athletic Conference,9-16,0.36,5-7,3-6,W1,25,66.2,23.8,58.0,41.1,6.0,19.0,31.3,12.6,19.5,64.9,13.5,23.3,36.8,13.1,6.4,3.0,13.6,19.0,66.4
Utah Tech Trailblazers,Western Athletic Conference,11-14,0.44,8-3,2-11,L1,25,75.5,25.2,55.3,45.5,8.8,22.8,38.7,16.4,23.8,68.9,10.1,24.4,34.5,13.1,7.0,2.2,15.3,19.4,73.3
UT Rio Grande Valley Vaqueros,Western Athletic Conference,12-13,0.48,9-4,2-9,L1,25,77.4,26.3,56.2,46.8,6.8,19.4,34.9,18.0,25.8,70.0,10.4,27.2,37.6,15.2,4.9,3.5,16.9,19.5,77.4
New Mexico State Aggies,Western Athletic Conference,9-15,0.375,6-4,1-9,L1,24,73.7,26.3,59.4,44.2,7.5,22.3,33.9,13.6,20.0,68.1,10.3,25.3,35.5,12.1,7.3,2.3,12.7,18.9,71.7
